name,hp,atk,def,spa,spd,spe,Resistance Index,Entry Hazards,Cleric,Pivot,Item Removal,Setup,Priority,Weather Gimmick,Physical Cutoff 3,Physical Coverage 3,Special Cutoff 3,Special Coverage 5,Misc Status,Unique Powerful Move,Best Ability,HP Recovery,stats,learnsets,formats,formats2
Bulbasaur,45,49,49,65,65,45,2,0,0,0,2,4,0,5,4,3,5,2,4,0,63.63636363636363,3,1,5,ZU,No
Ivysaur,60,62,63,80,80,60,2,0,0,0,2,4,0,5,4,3,5,2,4,0,63.63636363636363,3,1,5,ZU,No
Venusaur,80,82,83,100,100,80,2,0,0,0,2,4,0,5,6,4,6,4,4,0,63.63636363636363,3,3,5,OU,Yes
Charmander,39,52,43,60,50,65,3,0,0,0,0,4,1,3,10,9,6,2,3,0,50.0,0,1,4,ZU,No
Charmeleon,58,64,58,80,65,80,3,0,0,0,0,4,1,3,10,9,6,2,3,0,50.0,0,4,4,ZU,No
Charizard,78,84,78,109,85,100,8,0,0,0,0,4,1,3,14,10,11,5,4,0,50.0,3,3,10,PU,Yes
Squirtle,44,48,65,50,64,43,2,0,0,3,0,5,2,2,7,9,8,4,4,0,75.0,0,1,9,ZU,No
Wartortle,59,63,80,65,80,58,2,0,0,3,0,5,2,2,7,9,8,4,4,0,75.0,0,1,9,ZU,No
Blastoise,79,83,100,85,105,78,2,0,0,3,0,5,2,2,12,10,11,7,4,0,75.0,0,3,9,NU,Yes
Caterpie,45,30,35,20,20,45,0,0,0,0,0,0,0,0,0,0,0,0,0,0,50.0,0,1,0,ZU,No
Metapod,50,20,55,25,25,30,0,0,0,0,0,2,0,0,0,0,0,0,0,0,100.0,0,1,0,ZU,No
Butterfree,60,45,50,90,80,70,3,0,0,3,0,5,0,3,2,1,7,6,4,0,100.0,3,4,3,ZU,No
Pikachu,35,55,40,50,50,90,2,0,1,3,2,4,2,2,7,7,5,3,3,0,70.0,1,1,8,PU,Yes
Raichu,60,90,55,90,80,110,2,0,1,3,2,4,2,2,7,7,6,4,3,0,70.0,1,4,8,PU,Yes
Sandshrew,50,75,85,20,30,40,3,2,0,0,2,4,0,5,9,8,2,1,4,0,66.66666666666666,1,1,2,ZU,No
Sandslash,75,100,110,45,55,65,3,3,0,0,2,4,0,5,10,8,3,3,4,0,66.66666666666666,1,0,2,PU,Yes
Nidoran-F,55,47,52,40,40,41,3,1,0,0,0,2,2,2,3,5,6,4,1,0,40.0,0,1,8,ZU,No
Nidorina,70,62,67,55,55,56,3,1,0,0,0,2,2,2,4,5,6,4,1,0,40.0,0,1,8,ZU,No
Nidoqueen,90,92,87,75,85,76,6,2,0,0,0,2,2,2,18,12,15,10,2,0,50.0,0,2,2,UU,Yes
Nidoran-M,46,57,40,40,40,50,3,1,0,0,0,2,2,2,3,5,6,4,1,0,40.0,0,1,8,ZU,No
Nidorino,61,72,57,55,55,65,3,1,0,0,0,2,2,2,4,5,6,4,1,0,40.0,0,1,8,ZU,No
Nidoking,81,102,77,85,75,85,6,2,0,0,0,2,2,2,19,13,15,10,2,0,50.0,0,4,2,OU,Yes
Clefairy,70,45,48,60,65,35,5,2,3,1,2,3,0,2,8,10,16,7,3,0,100.0,3,1,11,PU,Yes
Clefable,95,70,73,95,90,60,5,2,3,1,2,3,0,2,8,10,17,8,3,0,100.0,3,2,11,Uber,Yes
Vulpix,38,41,40,50,65,65,3,0,0,0,0,3,1,6,4,6,10,4,3,0,100.0,0,1,8,ZU,No
Ninetales,73,76,75,81,100,100,3,0,0,0,0,4,1,6,4,6,14,6,3,0,100.0,0,4,8,PU,Yes
Jigglypuff,115,45,20,45,25,20,8,2,2,1,2,2,0,2,7,9,12,7,3,0,83.33333333333334,2,1,11,ZU,No
Wigglytuff,140,70,45,85,50,45,8,2,2,1,2,2,0,2,7,9,13,8,3,0,83.33333333333334,2,2,11,PU,Yes
Zubat,40,45,35,30,40,55,8,0,0,3,0,4,1,0,6,4,4,4,4,0,55.55555555555556,3,1,3,ZU,No
Golbat,75,80,70,65,75,90,8,0,0,3,0,4,1,0,6,4,4,4,4,0,55.55555555555556,3,4,3,ZU,No
Oddish,45,50,55,75,65,30,2,0,0,0,0,4,0,5,2,2,5,3,4,0,63.63636363636363,4,1,5,ZU,No
Gloom,60,65,70,85,75,40,2,0,0,0,0,4,0,5,2,2,5,3,4,0,63.63636363636363,4,1,5,ZU,No
Vileplume,75,80,85,110,90,50,2,0,1,0,1,4,0,5,2,2,7,5,4,0,66.66666666666666,4,3,5,RU,Yes
Diglett,10,55,25,35,45,95,3,2,0,0,0,3,2,2,3,3,4,3,2,0,75.0,0,1,2,ZU,No
Dugtrio,35,100,50,50,70,120,3,2,0,0,0,3,2,2,5,3,6,3,2,0,75.0,0,4,2,PU,Yes
Meowth,40,45,35,40,40,90,3,0,0,3,2,4,3,2,5,7,5,6,2,0,54.54545454545454,0,1,8,ZU,No
Persian,65,70,60,65,65,115,3,0,0,3,2,4,3,2,5,7,6,7,3,0,54.54545454545454,0,4,8,PU,Yes
Psyduck,50,52,48,65,50,55,2,0,0,0,0,3,0,5,4,7,9,3,2,0,66.66666666666666,0,1,9,ZU,No
Golduck,80,82,78,95,80,85,2,0,0,3,0,3,2,5,6,7,10,5,2,0,66.66666666666666,0,4,9,PU,Yes
Growlithe,55,70,45,70,50,60,3,0,0,0,0,3,0,0,7,10,6,1,3,0,77.77777777777779,3,1,8,ZU,No
Arcanine,90,110,80,100,80,95,3,0,0,1,0,3,2,1,10,10,9,3,3,0,77.77777777777779,3,3,8,NU,Yes
Poliwag,40,50,40,40,40,90,2,0,0,0,0,3,0,5,2,3,7,4,2,0,66.66666666666666,0,1,1,ZU,No
Poliwhirl,65,65,65,50,50,90,2,0,0,0,0,3,0,5,5,5,7,4,2,0,66.66666666666666,0,4,9,ZU,No
Poliwrath,90,95,95,70,90,70,2,0,0,0,0,3,2,5,14,8,8,6,2,0,66.66666666666666,2,2,9,PU,Yes
Abra,25,20,15,105,55,90,-1,0,0,1,2,3,0,0,6,8,7,6,3,0,100.0,2,1,13,ZU,No
Kadabra,40,35,30,120,70,105,-1,0,0,1,2,3,0,1,7,9,9,6,3,0,100.0,3,4,13,PU,Yes
Alakazam,55,50,45,135,95,120,-1,0,0,1,2,4,0,1,7,9,11,7,3,0,100.0,3,4,13,OU,Yes
Machop,70,80,50,35,35,35,0,0,0,0,2,5,2,0,11,8,3,2,2,0,100.0,0,1,4,ZU,No
Machoke,80,100,70,50,60,45,0,0,0,0,2,5,2,0,12,8,3,2,2,0,100.0,0,2,4,ZU,No
Machamp,90,130,80,65,85,55,0,0,0,0,2,5,2,0,17,9,3,3,2,0,100.0,0,2,4,NU,Yes
Tentacool,40,40,35,50,100,70,5,1,0,0,2,4,0,1,2,3,9,4,4,0,64.28571428571429,2,1,1,ZU,No
Tentacruel,80,70,65,80,120,100,5,1,0,0,2,4,0,1,2,3,9,5,4,0,64.28571428571429,2,3,1,UU,Yes
Ponyta,50,85,55,65,65,90,3,0,0,0,0,3,1,2,5,7,6,1,3,0,77.77777777777779,3,4,8,ZU,No
Rapidash,65,100,70,80,80,105,3,0,0,0,0,4,1,2,8,10,7,2,3,0,77.77777777777779,3,4,8,PU,Yes
Slowpoke,90,65,65,40,40,15,1,0,0,1,0,3,0,2,3,5,14,8,3,0,100.0,4,1,9,ZU,No
Slowbro,95,75,110,100,80,30,1,0,0,1,0,4,0,2,7,8,15,9,3,0,100.0,4,2,9,OU,Yes
Magnemite,25,35,70,95,55,45,13,0,0,3,0,2,0,2,4,2,5,2,3,0,75.0,0,1,12,ZU,No
Magneton,50,60,95,120,70,70,13,0,0,3,0,2,0,2,4,2,6,3,3,0,75.0,0,4,12,PU,Yes
Farfetch'd,52,90,55,58,62,60,7,0,1,3,2,4,2,2,7,7,3,2,4,0,88.88888888888889,3,1,3,ZU,No
Shellder,30,65,100,45,25,40,2,0,0,1,0,5,2,1,4,2,5,3,4,0,100.0,0,1,1,ZU,No
Cloyster,50,95,180,85,45,70,-1,3,0,1,0,5,2,2,6,5,5,3,4,0,100.0,0,0,1,RU,Yes
Gastly,30,35,30,100,35,80,10,0,0,0,2,2,2,2,7,7,12,8,3,0,95.45454545454544,2,1,6,ZU,No
Haunter,45,50,45,115,55,95,10,0,0,0,2,2,2,2,7,7,12,8,3,0,95.45454545454544,2,4,6,PU,Yes
Gengar,60,65,60,130,75,110,10,0,0,0,2,4,2,2,8,8,13,9,3,0,71.42857142857143,2,4,6,OU,Yes
Onix,35,45,160,30,45,70,2,2,0,0,0,4,0,1,13,5,4,3,2,0,57.14285714285714,0,0,2,ZU,No
Krabby,30,105,90,25,25,50,2,0,0,0,2,4,0,1,5,6,4,2,2,1,50.0,0,1,9,ZU,No
Kingler,55,130,115,50,50,75,2,0,0,0,2,4,0,1,7,6,5,3,2,1,50.0,0,0,9,NU,Yes
Exeggcute,60,40,80,60,45,40,-2,0,1,1,0,4,0,5,3,2,5,4,4,0,63.63636363636363,3,1,5,ZU,No
Exeggutor,95,95,85,125,75,55,-2,0,1,1,0,4,0,5,9,4,7,4,4,0,63.63636363636363,3,3,5,ZU,No
Cubone,50,50,95,40,50,35,3,2,0,0,2,4,0,1,8,7,6,4,1,1,70.0,0,1,4,ZU,No
Marowak,60,80,110,50,80,45,3,2,0,0,2,4,0,1,11,9,7,5,1,1,70.0,0,0,4,PU,Yes
Hitmonlee,50,120,53,35,110,87,0,0,0,0,2,4,2,0,11,8,2,2,4,0,85.71428571428571,0,4,4,PU,Yes
Hitmonchan,50,105,79,35,110,76,0,0,0,0,0,3,2,0,11,8,2,2,4,0,33.33333333333333,2,0,4,PU,Yes
Lickitung,90,55,75,60,75,30,3,0,2,0,2,4,0,2,12,11,9,8,2,0,40.0,0,2,9,ZU,No
Koffing,40,65,95,60,45,35,3,1,0,0,1,2,0,2,2,1,9,6,3,0,100.0,0,1,6,ZU,No
Weezing,65,90,120,85,70,60,3,1,0,0,1,2,0,2,2,1,10,6,3,0,100.0,0,0,6,NU,Yes
Rhyhorn,80,85,95,30,30,25,2,2,0,0,0,4,0,2,11,10,9,6,1,0,70.0,0,1,2,ZU,No
Rhydon,105,130,120,45,45,40,2,2,0,0,0,4,0,2,21,13,12,8,2,0,70.0,0,2,2,PU,Yes
Chansey,250,5,5,35,105,50,3,2,3,1,0,3,0,2,9,9,13,7,3,0,100.0,3,2,11,UU,Yes
Tangela,65,55,115,100,40,60,-1,0,0,0,2,4,0,5,3,2,4,3,4,0,100.0,4,0,5,PU,Yes
Kangaskhan,105,95,80,40,80,90,3,0,1,0,0,2,2,2,11,11,10,7,2,0,100.0,2,2,4,PU,Yes
Horsea,30,40,70,70,25,60,2,0,0,3,0,4,0,5,4,4,8,4,2,0,66.66666666666666,0,1,1,ZU,No
Seadra,55,65,95,95,45,85,2,0,0,3,0,4,0,1,4,4,8,5,2,0,50.0,0,4,1,ZU,No
Goldeen,45,67,60,35,50,63,2,0,0,3,2,4,1,5,5,7,5,2,2,0,70.0,0,1,1,ZU,No
Seaking,80,92,65,65,80,68,2,0,0,3,2,4,1,5,5,7,5,3,2,0,70.0,0,2,1,PU,Yes
Staryu,30,45,55,70,55,85,2,0,0,3,0,3,0,2,2,2,12,8,4,0,100.0,3,1,1,ZU,No
Starmie,60,75,85,100,85,115,1,0,0,3,0,3,0,2,3,2,14,8,4,0,100.0,3,4,1,UU,Yes
Mr. Mime,40,45,65,100,120,90,4,0,1,1,0,4,3,2,6,7,12,7,3,0,83.33333333333334,2,4,13,PU,Yes
Scyther,70,110,80,55,80,105,3,0,0,3,2,4,3,0,4,3,2,2,4,0,54.54545454545454,3,4,3,PU,Yes
Jynx,65,50,35,115,95,95,-4,0,2,1,0,4,1,4,6,4,11,6,4,0,100.0,2,4,11,PU,Yes
Electabuzz,65,83,57,95,85,105,2,0,0,3,0,2,1,2,7,6,5,4,3,0,50.0,0,4,12,ZU,No
Magmar,65,95,57,100,85,93,3,0,0,1,0,3,2,0,5,5,11,5,3,0,66.66666666666666,0,4,4,ZU,No
Pinsir,65,125,100,55,70,85,0,2,0,0,2,4,1,0,11,7,1,2,0,0,76.92307692307693,0,0,2,PU,Yes
Tauros,75,100,95,40,70,110,3,0,0,0,0,2,0,2,12,10,7,5,1,0,61.53846153846154,0,4,2,RU,Yes
Magikarp,20,10,55,15,20,80,2,0,0,0,0,0,0,5,0,1,1,1,0,0,66.66666666666666,0,1,0,ZU,No
Gyarados,95,125,79,60,100,81,6,0,0,0,0,4,0,3,9,9,12,8,3,0,75.0,0,2,1,UU,Yes
Lapras,130,85,80,85,95,60,-1,0,1,0,0,4,2,2,7,8,11,6,1,0,53.84615384615385,0,2,9,PU,Yes
Ditto,48,48,48,48,48,48,3,0,0,0,0,0,0,0,0,0,0,0,0,0,1.0,0,1,0,ZU,No
Eevee,55,55,50,45,65,55,3,0,2,0,0,2,1,2,0,3,3,2,2,0,100.0,0,1,8,ZU,No
Vaporeon,130,65,60,110,95,65,2,0,2,3,0,2,1,2,2,4,8,4,2,0,53.84615384615385,0,2,8,NU,Yes
Jolteon,65,65,60,110,95,130,2,0,2,3,0,3,1,2,2,4,6,3,3,0,66.66666666666666,0,4,8,PU,Yes
Flareon,65,130,60,95,110,65,3,0,2,0,0,5,1,2,2,5,12,4,3,0,100.0,0,3,8,PU,Yes
Porygon,65,60,70,85,75,40,3,0,0,1,0,3,0,2,2,4,9,5,3,0,100.0,3,1,12,ZU,No
Omanyte,35,40,100,90,55,35,1,3,0,0,2,5,0,5,4,3,6,3,2,0,66.66666666666666,0,1,1,ZU,No
Omastar,70,60,125,115,70,55,1,3,0,0,2,5,0,5,8,5,6,4,2,0,66.66666666666666,0,0,1,NU,Yes
Kabuto,30,80,90,55,45,55,1,2,0,0,2,3,2,5,5,4,6,3,4,0,66.66666666666666,2,1,9,ZU,No
Kabutops,60,115,105,65,70,80,1,2,0,3,2,4,2,5,10,6,6,4,4,0,66.66666666666666,2,0,9,ZU,No
Aerodactyl,80,105,65,60,75,130,4,2,0,0,0,4,0,3,10,9,6,5,4,0,65.21739130434783,3,4,10,RU,Yes
Snorlax,160,110,65,65,110,30,3,0,0,0,0,3,0,2,21,13,12,9,2,0,85.71428571428571,0,2,9,RU,Yes
Articuno,90,85,100,95,125,85,1,0,1,3,0,3,2,3,4,2,5,4,4,0,65.21739130434783,3,3,3,ZU,No
Zapdos,90,90,85,125,90,100,7,0,0,3,0,3,0,3,3,3,5,5,4,0,65.21739130434783,3,3,3,OU,Yes
Moltres,90,100,90,125,85,90,8,0,0,3,0,3,0,3,3,3,10,4,4,0,66.66666666666666,3,3,3,OU,Yes
Dratini,41,64,45,50,50,50,1,0,0,0,0,4,2,2,4,4,11,6,3,0,100.0,0,1,1,ZU,No
Dragonair,61,84,65,70,70,70,1,0,0,0,0,4,2,2,4,4,11,6,3,0,100.0,0,4,1,ZU,No
Dragonite,91,134,95,100,100,80,5,0,1,0,0,4,2,3,15,11,15,8,4,0,100.0,3,3,10,OU,Yes
Mewtwo,106,110,90,154,90,130,-1,0,0,1,0,4,0,3,12,12,17,9,3,1,65.21739130434783,3,3,13,Uber,Yes
Mew,100,100,100,100,100,100,-1,3,1,3,2,4,2,3,52,18,42,18,4,0,27.27272727272727,3,3,11,Uber,Yes
Igglybuff,90,30,15,40,20,15,8,0,2,0,0,2,0,1,3,5,6,5,3,0,83.33333333333334,1,1,11,ZU,No
Togepi,35,20,65,40,65,20,5,0,2,0,0,4,0,1,3,3,12,6,3,0,75.0,3,1,11,ZU,No
Togetic,55,40,85,80,105,40,9,0,2,0,0,4,0,1,4,5,13,6,4,0,75.0,3,0,11,PU,Yes
Cleffa,50,25,28,45,55,15,5,0,2,0,0,3,0,1,3,5,8,5,3,0,100.0,3,1,11,ZU,No
Bellossom,75,80,95,90,100,50,-1,0,0,0,0,5,0,5,4,3,6,4,4,0,63.63636363636363,4,0,5,PU,Yes
Marill,70,20,50,20,50,40,7,0,0,0,2,3,2,2,5,8,8,4,2,0,100.0,1,1,9,ZU,No
Azumarill,100,50,80,60,80,50,7,0,0,0,2,3,2,2,6,8,9,5,2,0,100.0,1,2,9,OU,Yes
Tyrogue,35,35,35,35,35,35,0,0,0,0,0,5,2,0,5,4,0,1,4,0,100.0,0,1,4,ZU,No
Hitmontop,50,95,95,35,110,70,0,0,0,0,0,3,3,0,9,4,1,2,4,0,61.53846153846154,0,0,4,PU,Yes
Noctowl,100,50,50,86,96,70,7,0,0,0,0,4,0,3,2,3,10,6,4,0,33.33333333333333,3,2,3,ZU,No
Qwilfish,65,95,85,55,55,85,5,3,0,0,0,4,2,5,7,6,9,4,3,0,66.66666666666666,0,4,1,PU,Yes
Corsola,65,55,95,65,95,35,1,2,0,0,0,3,2,1,10,5,9,6,1,0,100.0,4,0,9,ZU,No
Mantine,85,40,70,80,140,70,6,0,0,0,0,3,0,5,12,9,7,4,4,0,66.66666666666666,3,3,1,UU,Yes
Raikou,90,85,75,115,100,115,2,0,0,3,0,3,2,2,6,5,7,6,3,0,65.21739130434783,0,3,12,UU,Yes
Entei,115,115,85,90,75,100,3,0,0,0,0,3,2,2,5,6,9,4,3,1,65.21739130434783,0,3,8,UU,Yes
Suicune,100,75,115,90,115,85,2,0,0,0,0,3,2,2,4,5,8,5,1,0,65.21739130434783,0,3,1,UU,Yes
Hoothoot,60,30,30,36,56,50,7,0,0,0,0,4,0,3,2,3,9,6,4,0,33.33333333333333,3,1,3,ZU,No
Crobat,85,90,80,70,80,130,8,0,0,3,0,4,1,3,7,5,7,6,4,0,55.55555555555556,3,4,3,RU,Yes
Chinchou,75,38,38,56,56,67,4,0,1,3,0,3,2,2,3,4,9,4,3,0,66.66666666666666,0,1,1,ZU,No
Lanturn,125,58,58,76,76,67,4,0,1,3,0,3,2,2,3,4,9,5,3,0,66.66666666666666,0,2,1,PU,Yes
Pichu,20,40,15,35,35,60,2,0,1,3,0,4,1,2,6,4,4,3,3,0,70.0,0,1,8,ZU,No
Natu,40,50,45,70,45,70,3,0,1,3,0,3,2,1,2,3,10,4,3,0,100.0,3,1,13,ZU,No
Xatu,65,75,70,95,70,95,3,0,1,3,0,3,2,1,3,4,10,5,3,0,100.0,3,4,13,NU,Yes
Sudowoodo,70,100,115,30,65,30,-1,2,0,0,0,3,2,1,16,9,1,2,2,0,57.14285714285714,0,0,2,ZU,No
Politoed,90,75,75,90,100,70,2,0,0,0,0,3,0,6,6,6,9,6,2,0,100.0,0,3,9,ZU,No
Wooper,55,45,45,25,25,15,6,0,0,0,0,2,0,1,4,6,8,4,2,0,53.84615384615385,3,1,9,ZU,No
Quagsire,95,85,85,65,65,35,6,0,0,0,0,2,0,1,9,7,9,6,2,0,53.84615384615385,3,2,9,OU,Yes
Espeon,65,65,60,130,95,110,-1,0,2,0,0,3,1,2,2,4,8,5,3,0,100.0,3,4,8,NU,Yes
Umbreon,95,65,110,60,130,65,3,0,2,0,0,2,2,2,3,4,6,5,2,0,27.27272727272727,3,0,8,UU,Yes
Slowking,95,75,80,100,110,30,1,0,0,1,0,4,0,2,7,8,16,10,3,0,100.0,4,2,9,OU,Yes
Wobbuffet,190,33,58,33,58,33,-1,0,0,0,0,2,0,0,0,0,0,0,2,0,75.0,0,2,0,ZU,No
Dunsparce,100,70,70,65,65,45,3,2,0,0,0,4,0,2,9,9,10,5,4,0,60.0,3,2,8,ZU,No
Steelix,75,85,200,55,65,30,13,2,0,0,0,4,0,1,16,8,6,5,2,0,57.14285714285714,0,0,2,RU,Yes
Scizor,70,130,100,55,80,65,11,0,0,3,2,4,3,0,6,4,4,3,4,0,54.54545454545454,3,0,3,OU,Yes
Shuckle,20,10,230,10,230,5,-1,4,0,0,2,5,0,0,5,4,4,2,2,0,57.14285714285714,0,0,2,PU,Yes
Heracross,80,125,75,40,95,85,0,3,0,0,2,5,2,0,11,6,1,2,0,0,100.0,0,2,4,RU,Yes
Sneasel,55,95,55,35,75,115,0,0,0,0,2,4,2,1,9,8,6,5,2,0,26.31578947368421,0,4,14,PU,Yes
Swinub,50,50,40,30,30,50,0,2,0,0,0,2,2,2,5,5,4,2,1,0,85.71428571428571,0,1,2,ZU,No
Piloswine,100,100,80,60,60,50,0,2,0,0,0,2,2,2,8,5,4,3,1,0,85.71428571428571,0,2,2,ZU,No
Remoraid,35,65,35,65,35,65,2,0,0,0,0,3,0,1,5,5,9,5,3,0,50.0,0,1,1,ZU,No
Octillery,75,105,75,105,75,45,2,0,0,0,0,3,0,1,7,5,13,8,3,0,50.0,0,2,1,ZU,No
Delibird,45,55,45,65,45,75,1,3,0,0,0,3,2,2,8,7,4,2,4,0,40.0,0,1,1,ZU,No
Skarmory,65,80,140,40,70,70,16,3,0,0,0,4,0,0,6,6,4,2,4,0,57.14285714285714,3,0,3,Uber,Yes
Kingdra,75,95,95,95,95,85,3,0,0,3,0,4,0,5,5,5,10,6,2,0,66.66666666666666,0,3,1,UU,Yes
Porygon2,85,80,90,105,95,60,3,0,0,1,0,3,0,2,2,4,9,5,3,0,100.0,3,3,12,RU,Yes
Smoochum,45,30,15,85,65,65,-4,0,2,0,0,4,1,2,3,4,7,4,3,0,37.5,1,1,13,ZU,No
Elekid,45,63,37,65,55,95,2,0,0,3,0,2,1,2,7,5,4,3,3,0,50.0,0,4,12,ZU,No
Magby,45,75,37,70,55,83,3,0,0,0,0,3,2,0,5,5,8,4,3,0,66.66666666666666,0,4,4,ZU,No
Miltank,95,80,105,40,70,100,3,2,1,0,0,2,0,2,15,10,7,7,3,0,100.0,3,2,9,PU,Yes
Blissey,255,10,10,75,135,55,3,2,3,1,0,3,0,2,9,9,14,8,3,0,100.0,3,2,11,Uber,Yes
Larvitar,50,64,50,45,50,41,2,2,0,0,0,5,0,1,8,7,3,4,2,0,100.0,0,1,2,ZU,No
Pupitar,70,84,70,65,70,51,2,2,0,0,0,4,0,0,8,7,3,4,2,0,100.0,0,2,2,ZU,No
Tyranitar,100,134,110,95,100,61,2,2,0,0,0,4,0,6,21,11,13,9,3,0,100.0,0,3,2,Uber,Yes
Lugia,106,90,130,90,154,110,3,0,0,0,0,3,0,3,7,7,15,9,4,0,100.0,3,3,10,Uber,Yes
Ho-Oh,106,130,90,110,154,90,8,0,0,0,0,3,0,2,6,6,15,6,4,1,100.0,4,3,10,Uber,Yes
Celebi,100,100,100,100,100,100,-2,2,2,3,0,4,2,2,5,3,10,8,3,0,100.0,3,3,13,RU,Yes
Milotic,95,60,79,100,125,81,2,0,0,3,0,4,0,2,5,3,6,4,2,0,83.33333333333334,3,3,1,UU,Yes
Treecko,40,45,35,65,55,70,-1,0,0,0,0,4,1,2,8,8,4,1,1,0,85.71428571428571,3,1,4,ZU,No
Grovyle,50,65,45,85,65,95,-1,0,0,0,0,4,1,2,10,9,4,1,1,0,85.71428571428571,3,4,4,ZU,No
Sceptile,70,85,65,105,85,120,-1,0,0,0,0,4,1,2,15,10,6,4,1,0,85.71428571428571,3,4,4,NU,Yes
Torchic,45,60,40,70,50,45,3,0,0,0,0,5,1,0,4,5,5,1,4,0,100.0,0,1,4,ZU,No
Combusken,60,85,60,85,60,55,3,0,0,0,0,5,2,0,7,8,6,2,4,0,100.0,0,1,4,ZU,No
Blaziken,80,120,70,110,70,80,3,0,0,3,2,5,2,1,15,8,8,3,4,0,100.0,0,3,4,OU,Yes
Mudkip,50,70,50,50,50,40,2,0,0,0,0,2,0,1,4,6,7,5,2,0,75.0,0,1,9,ZU,No
Marshtomp,70,85,70,60,70,50,6,2,0,0,0,2,0,1,7,7,7,5,2,0,75.0,0,2,9,ZU,No
Swampert,100,110,90,85,90,60,6,2,0,3,0,3,0,1,15,9,8,6,2,0,75.0,0,2,9,OU,Yes
Ralts,28,25,25,45,35,40,4,0,1,1,2,3,2,1,4,5,9,5,3,0,100.0,1,1,13,ZU,No
Kirlia,38,35,35,65,55,50,4,0,1,1,2,3,2,1,5,5,9,5,3,0,100.0,1,1,13,ZU,No
Gardevoir,68,65,65,125,115,80,4,0,3,1,2,3,2,2,5,5,13,7,3,0,100.0,1,3,13,UU,Yes
Exploud,104,91,63,91,73,68,3,0,0,0,0,2,0,1,14,10,11,7,2,0,100.0,0,2,4,NU,Yes
Azurill,50,20,40,20,40,20,8,0,0,0,2,3,2,1,1,4,5,3,2,0,100.0,1,1,1,ZU,No
Mawile,50,85,85,55,55,50,16,2,0,0,2,4,2,1,12,9,10,8,2,0,61.53846153846154,1,1,4,ZU,No
Feebas,20,15,20,10,55,80,2,0,0,0,0,0,0,5,2,3,5,3,2,0,100.0,0,1,1,ZU,No
Duskull,20,40,90,30,90,25,8,0,0,0,0,3,2,1,1,2,8,4,3,0,95.45454545454544,0,1,6,ZU,No
Dusclops,40,70,130,60,130,25,8,0,0,0,0,3,2,1,7,8,8,5,3,0,65.21739130434783,0,0,6,ZU,No
Regirock,80,100,200,50,100,50,-1,2,0,0,0,3,0,2,15,8,5,5,3,0,64.28571428571429,2,0,2,PU,Yes
Regice,80,50,100,100,200,50,-3,0,0,0,0,3,0,2,12,7,6,5,3,0,64.28571428571429,0,3,9,PU,Yes
Registeel,80,75,150,75,150,50,11,2,0,0,0,3,0,2,12,7,5,4,3,0,64.28571428571429,0,0,2,RU,Yes
Wingull,40,30,30,55,30,85,6,0,0,3,2,3,1,3,2,3,5,4,4,0,0.0,3,1,3,ZU,No
Pelipper,60,50,100,95,70,65,6,0,0,3,2,3,1,6,5,5,7,4,4,0,100.0,3,0,3,OU,Yes
Torkoal,70,85,140,85,70,20,3,2,0,0,0,5,0,6,9,5,11,4,4,0,100.0,0,0,2,ZU,No
Lunatone,90,55,65,95,85,70,-2,2,0,0,0,4,0,2,10,5,11,7,2,0,95.45454545454544,3,2,13,ZU,No
Solrock,90,95,85,55,65,70,-2,2,0,0,0,4,0,2,11,6,11,5,3,0,95.45454545454544,3,2,13,PU,Yes
Trapinch,45,100,45,45,45,10,3,0,0,0,0,0,2,1,4,5,2,2,0,0,75.0,2,1,2,ZU,No
Vibrava,50,70,50,50,50,70,3,0,0,3,0,0,2,1,8,7,8,5,4,0,95.45454545454544,3,1,3,ZU,No
Flygon,80,100,80,80,80,100,3,0,0,3,0,4,2,1,13,10,11,5,4,0,95.45454545454544,3,4,10,RU,Yes
Zigzagoon,38,30,41,30,41,60,3,0,0,0,0,3,2,2,4,5,8,5,3,0,33.33333333333333,0,1,8,ZU,No
Linoone,78,70,61,50,61,100,3,0,0,0,0,3,2,2,7,7,8,5,3,0,33.33333333333333,0,4,8,RU,Yes
Lotad,40,30,30,40,50,30,1,0,0,0,0,4,0,5,3,3,6,4,1,0,66.66666666666666,3,1,5,ZU,No
Lombre,60,50,50,60,70,50,1,0,0,0,2,4,1,5,7,8,8,4,2,0,66.66666666666666,3,1,9,ZU,No
Ludicolo,80,70,70,90,100,70,1,0,0,0,2,4,1,5,8,8,10,5,2,0,66.66666666666666,3,3,9,PU,Yes
Seedot,40,40,50,30,30,30,-1,0,0,0,0,4,2,5,4,4,3,2,4,0,63.63636363636363,3,1,5,ZU,No
Nuzleaf,70,70,40,60,40,60,2,0,0,0,0,4,2,5,7,6,5,5,4,0,63.63636363636363,3,1,5,ZU,No
Shiftry,90,100,60,90,60,80,2,0,0,0,2,4,2,5,9,8,10,8,4,0,63.63636363636363,3,4,5,ZU,No
Nincada,31,45,90,30,30,40,3,0,0,0,0,2,0,1,1,3,3,2,1,0,100.0,2,1,0,ZU,No
Ninjask,61,90,45,50,50,160,3,0,0,3,0,5,0,1,3,3,4,3,4,0,100.0,3,4,3,RU,Yes
Shedinja,1,90,45,30,30,40,7,0,0,0,0,4,2,1,2,4,4,4,3,0,1.0,2,1,0,ZU,No
Whismur,64,51,23,51,23,28,3,0,0,0,0,2,0,1,7,6,6,5,2,0,25.0,0,1,4,ZU,No
Loudred,84,71,43,71,43,48,3,0,0,0,0,2,0,1,11,8,7,5,2,0,100.0,0,1,4,ZU,No
Sableye,50,75,75,65,65,50,12,0,0,0,2,4,3,0,10,10,8,5,3,0,87.5,3,1,4,PU,Yes
Aron,50,70,100,40,40,30,9,2,0,0,0,3,0,0,7,6,2,3,1,0,57.14285714285714,0,1,2,ZU,No
Lairon,60,90,140,50,50,40,9,2,0,0,0,3,0,0,10,6,2,3,1,0,57.14285714285714,0,0,2,ZU,No
Aggron,70,110,180,60,60,50,9,2,0,0,0,3,0,2,20,11,14,10,3,0,57.14285714285714,0,0,2,PU,Yes
Electrike,40,45,40,65,40,65,2,0,0,3,0,3,1,2,5,5,5,3,3,0,70.0,0,1,12,ZU,No
Manectric,70,75,60,105,60,105,2,0,0,3,0,3,1,2,5,5,7,3,3,0,70.0,0,4,12,PU,Yes
Roselia,50,60,45,100,80,65,2,3,1,0,0,4,0,2,4,3,6,6,4,0,100.0,3,4,5,PU,Yes
Carvanha,45,90,20,65,20,65,5,0,0,3,0,5,2,1,7,5,7,4,2,0,100.0,0,1,1,ZU,No
Sharpedo,70,120,40,95,40,95,5,0,0,3,0,5,2,1,10,8,7,4,2,0,100.0,0,4,1,RU,Yes
Wailmer,130,70,35,70,35,60,2,0,0,0,0,2,0,2,5,7,8,3,2,0,65.21739130434783,0,2,9,ZU,No
Wailord,170,90,45,90,45,60,2,0,0,0,0,2,0,2,7,7,8,3,2,0,65.21739130434783,0,2,9,ZU,No
Swablu,45,40,60,40,75,50,7,0,1,0,0,3,0,1,3,4,6,6,4,0,100.0,3,1,3,ZU,No
Altaria,75,70,90,70,105,80,5,0,1,0,0,4,0,3,5,6,11,7,4,0,100.0,3,0,10,PU,Yes
Barboach,50,48,43,46,41,60,6,0,0,0,0,4,0,1,3,4,7,4,1,0,37.5,0,1,1,ZU,No
Whiscash,110,78,73,76,71,60,6,0,0,0,0,4,0,2,8,6,7,6,1,0,37.5,0,2,9,ZU,No
Corphish,43,80,65,50,35,35,2,0,0,0,2,4,2,1,5,7,6,3,3,1,100.0,0,1,9,ZU,No
Crawdaunt,63,120,85,90,55,55,5,0,0,0,2,4,2,1,7,7,9,5,3,1,100.0,0,2,9,OU,Yes
Baltoy,40,40,55,40,70,55,2,2,0,0,0,3,0,1,5,4,9,5,4,0,95.45454545454544,0,1,13,ZU,No
Claydol,60,70,105,70,120,75,2,2,0,1,0,4,0,1,7,5,11,6,4,0,95.45454545454544,0,0,13,PU,Yes
Lileep,66,41,77,61,87,23,-2,2,0,0,0,4,0,1,4,3,4,3,2,0,100.0,3,1,5,ZU,No
Cradily,86,81,97,81,107,43,-2,2,0,0,0,4,0,1,7,4,5,4,2,0,100.0,3,0,5,PU,Yes
Anorith,45,95,50,40,50,75,-1,2,0,0,2,4,2,5,3,5,1,1,4,0,66.66666666666666,0,1,2,ZU,No
Armaldo,75,125,100,70,80,45,-1,2,0,0,2,4,2,5,10,7,2,3,4,0,66.66666666666666,0,0,2,PU,Yes
Absol,65,130,60,75,60,75,3,0,1,0,2,4,2,2,11,9,12,7,3,0,75.0,0,4,14,PU,Yes
Wynaut,95,23,48,23,48,23,-1,0,0,0,0,2,0,0,0,0,0,0,2,0,75.0,0,1,0,ZU,No
Snorunt,50,50,50,50,50,50,-3,3,0,0,0,0,2,2,2,3,4,2,3,0,26.31578947368421,0,1,1,ZU,No
Glalie,80,80,80,80,80,80,-3,3,0,0,0,0,2,2,8,5,6,4,3,0,26.31578947368421,0,4,1,ZU,No
Spheal,70,40,50,55,50,25,-1,0,0,0,0,3,0,1,4,5,3,2,2,0,85.71428571428571,0,1,9,ZU,No
Sealeo,90,60,70,75,70,45,-1,0,0,0,0,3,0,1,5,5,3,2,2,0,85.71428571428571,0,2,9,ZU,No
Walrein,110,80,90,95,90,65,-1,0,0,0,0,4,0,1,11,7,4,3,2,0,85.71428571428571,0,2,9,PU,Yes
Relicanth,100,90,130,45,65,55,1,2,0,0,0,3,0,5,11,7,6,4,2,0,66.66666666666666,0,0,9,PU,Yes
Bagon,45,75,60,40,30,50,1,0,1,0,0,4,0,0,5,6,6,4,1,0,50.0,0,1,10,ZU,No
Shelgon,65,95,100,60,50,50,1,0,1,0,0,4,0,0,5,6,6,4,1,0,42.85714285714285,0,0,10,ZU,No
Salamence,95,135,80,110,80,100,5,0,1,0,0,4,0,3,10,10,9,5,4,0,75.0,3,3,10,UU,Yes
Beldum,40,55,80,35,60,30,10,0,0,0,0,2,0,0,2,3,1,1,0,0,64.28571428571429,0,1,0,ZU,No
Metang,60,75,100,55,80,50,10,2,0,0,0,3,2,1,10,8,7,5,3,0,64.28571428571429,0,0,2,PU,Yes
Metagross,80,135,130,95,90,70,10,2,0,0,0,3,2,1,13,8,7,5,3,0,64.28571428571429,0,0,2,RU,Yes
Latias,80,80,90,110,130,110,0,0,2,0,0,4,2,2,8,6,17,9,4,0,95.45454545454544,3,3,10,OU,Yes
Latios,80,90,80,130,110,110,0,0,0,0,0,4,0,2,8,6,17,9,4,0,95.45454545454544,3,3,10,OU,Yes
Kyogre,100,100,90,150,140,90,2,0,0,0,0,3,0,6,6,6,8,4,3,1,100.0,0,3,9,Uber,Yes
Groudon,100,150,140,100,90,90,3,2,0,0,0,4,0,6,14,8,10,6,3,1,100.0,0,3,2,Uber,Yes
Rayquaza,105,150,90,150,90,95,5,0,0,0,0,4,2,3,11,9,17,10,4,1,40.0,0,3,10,Uber,Yes
Jirachi,100,100,100,100,100,100,10,2,2,3,0,3,0,2,7,8,15,9,3,0,60.0,2,3,13,OU,Yes
Rotom-Heat,50,65,107,105,107,86,5,0,0,3,0,4,2,2,2,2,9,6,4,0,95.45454545454544,0,3,12,OU,Yes
Rotom-Wash,50,65,107,105,107,86,4,0,0,3,0,4,2,2,2,2,9,6,4,0,95.45454545454544,0,3,12,OU,Yes
Rotom-Frost,50,65,107,105,107,86,-1,0,0,3,0,4,2,2,2,2,9,6,4,0,95.45454545454544,0,3,12,ZU,No
Rotom-Fan,50,65,107,105,107,86,7,0,0,3,0,4,2,2,2,2,9,5,4,0,95.45454545454544,0,3,12,PU,Yes
Rotom-Mow,50,65,107,105,107,86,1,0,0,3,0,4,2,2,2,2,9,6,4,0,95.45454545454544,0,3,12,NU,Yes
Roserade,60,70,65,125,105,90,2,3,1,0,0,4,3,2,4,3,6,6,4,0,100.0,3,3,5,RU,Yes
Mime Jr.,20,25,45,70,90,60,4,0,1,0,0,4,3,2,0,1,9,5,3,0,83.33333333333334,2,1,13,ZU,No
Togekiss,85,50,95,120,115,80,9,0,2,0,0,4,2,1,4,5,15,7,4,0,75.0,3,3,11,UU,Yes
Dusknoir,45,100,135,65,135,45,8,0,0,0,0,3,2,1,8,9,9,6,3,0,65.21739130434783,0,0,6,PU,Yes
Cherrim,70,60,70,87,78,85,-1,0,2,0,0,4,0,2,3,3,4,4,1,0,0.0,3,4,5,ZU,No
Magnezone,70,70,115,130,90,60,13,0,0,3,0,2,0,2,7,4,6,3,3,0,75.0,0,3,12,OU,Yes
Leafeon,65,110,130,60,65,95,-1,0,2,0,2,4,1,5,4,5,6,3,2,0,63.63636363636363,3,0,8,PU,Yes
Glaceon,65,60,110,130,95,65,-3,0,2,0,0,2,2,2,2,4,6,3,2,0,16.666666666666664,0,3,8,PU,Yes
Gallade,68,125,65,65,115,80,-1,0,1,1,2,4,2,2,15,12,13,7,3,0,75.0,2,3,13,PU,Yes
Heatran,91,90,106,130,106,77,14,2,0,0,0,3,0,1,10,6,13,6,3,1,77.77777777777779,0,3,2,Uber,Yes
Shinx,45,65,34,40,34,45,2,0,0,3,0,5,1,2,6,6,4,1,3,0,100.0,0,1,12,ZU,No
Luxio,60,85,49,60,49,60,2,0,0,3,0,5,1,2,6,6,4,1,3,0,100.0,0,1,12,ZU,No
Luxray,80,120,79,95,79,70,2,0,0,3,0,5,1,2,8,7,4,2,3,0,100.0,0,3,12,PU,Yes
Budew,40,30,35,50,70,55,2,3,0,0,0,4,0,2,2,1,6,6,4,0,100.0,3,1,5,ZU,No
Combee,30,30,42,30,42,70,3,0,0,0,0,0,0,0,1,0,1,1,1,0,40.0,0,1,0,ZU,No
Vespiquen,70,80,102,80,102,40,3,1,1,3,0,2,0,0,3,2,5,4,4,0,65.21739130434783,3,0,3,PU,Yes
Cherubi,45,35,45,62,53,35,-1,0,2,0,0,4,0,5,2,2,4,3,1,0,63.63636363636363,3,1,5,ZU,No
Shellos,76,48,48,57,62,34,2,0,0,0,0,2,0,2,0,2,7,3,2,0,100.0,3,1,1,ZU,No
Gastrodon,111,83,68,92,82,39,6,0,0,0,0,2,0,2,5,4,9,5,2,0,100.0,3,2,9,UU,Yes
Drifloon,90,50,34,60,44,70,11,0,0,0,2,4,2,2,3,1,6,3,4,0,100.0,0,1,6,ZU,No
Drifblim,150,80,44,90,54,80,11,0,0,0,2,4,2,2,3,3,6,4,4,0,100.0,4,2,6,PU,Yes
Buneary,55,66,44,44,56,85,3,0,2,0,0,3,1,1,7,9,5,4,3,0,0.0,2,1,8,ZU,No
Lopunny,65,76,84,54,96,105,3,0,2,3,0,3,1,2,10,9,9,5,3,0,16.666666666666664,2,4,8,ZU,No
Stunky,63,63,47,41,41,74,7,0,0,0,1,4,2,0,6,5,7,4,4,0,100.0,0,1,14,ZU,No
Skuntank,103,93,67,71,61,84,7,0,0,0,1,4,2,0,7,6,9,5,4,0,100.0,0,2,14,PU,Yes
Bronzor,57,24,86,24,86,23,10,2,0,0,0,3,0,1,4,3,8,3,3,0,95.45454545454544,0,1,13,ZU,No
Bronzong,67,89,116,79,116,33,10,2,0,0,0,3,0,2,8,6,8,4,3,0,95.45454545454544,0,0,13,RU,Yes
Bonsly,50,80,95,10,45,10,-1,2,0,0,0,3,2,1,5,5,1,2,1,0,57.14285714285714,0,1,2,ZU,No
Happiny,100,5,5,15,65,30,3,0,1,0,0,2,0,1,2,2,7,4,3,0,100.0,2,1,11,ZU,No
Spiritomb,50,92,108,92,108,35,12,0,0,0,0,4,2,0,2,3,7,4,3,0,65.21739130434783,0,0,6,PU,Yes
Gible,58,70,45,40,45,42,3,2,0,0,0,2,0,1,7,5,6,3,1,0,80.0,0,1,2,ZU,No
Gabite,68,90,65,50,55,82,3,2,0,0,0,2,0,1,7,5,6,3,1,0,80.0,0,4,2,ZU,No
Garchomp,108,130,95,80,85,102,3,2,0,0,0,4,0,1,11,9,7,5,2,0,80.0,0,3,2,OU,Yes
Munchlax,135,85,40,40,85,5,3,0,0,0,0,3,0,2,10,10,11,8,2,0,85.71428571428571,0,2,9,ZU,No
Riolu,40,70,40,35,40,60,0,0,0,0,0,4,3,0,11,11,3,1,2,0,87.5,2,1,4,ZU,No
Lucario,70,110,70,115,70,90,11,0,0,0,0,4,2,1,13,11,9,7,2,0,75.0,2,4,4,RU,Yes
Hippopotas,68,72,78,38,42,32,3,2,0,0,0,2,0,6,6,6,2,2,2,0,100.0,3,1,2,ZU,No
Hippowdon,108,112,118,68,72,47,3,2,0,0,0,2,0,6,11,6,2,3,2,0,100.0,3,2,2,OU,Yes
Skorupi,40,50,90,30,55,65,3,1,0,0,2,4,0,0,3,8,4,4,2,0,50.0,0,1,14,ZU,No
Drapion,70,90,110,60,75,95,7,1,0,0,2,4,0,0,8,9,5,5,2,0,50.0,1,0,14,NU,Yes
Croagunk,48,61,40,61,40,50,3,0,0,0,2,4,2,4,10,10,5,4,2,0,100.0,2,1,4,ZU,No
Toxicroak,83,106,65,86,65,85,3,0,0,0,2,4,2,4,12,10,5,5,2,0,100.0,2,4,4,NU,Yes
Mantyke,45,20,50,60,120,50,6,0,0,0,0,3,0,5,4,5,6,2,2,0,66.66666666666666,0,1,1,ZU,No
Snover,60,62,50,62,60,40,-4,0,0,0,0,4,2,6,4,4,5,3,1,0,100.0,3,1,5,ZU,No
Abomasnow,90,92,75,92,85,60,-4,0,0,0,0,4,2,6,9,8,8,6,1,0,100.0,3,2,5,ZU,No
Weavile,70,120,65,45,85,125,0,0,0,0,2,4,2,1,10,8,7,7,2,0,65.21739130434783,0,4,14,OU,Yes
Lickilicky,110,85,95,80,95,50,3,0,2,0,2,4,0,2,14,11,10,9,2,0,40.0,0,2,9,PU,Yes
Rhyperior,115,140,130,55,55,40,2,2,0,0,0,4,0,2,22,13,13,9,2,0,83.33333333333334,0,2,2,UU,Yes
Tangrowth,100,100,125,110,50,50,-1,0,0,0,2,4,0,5,7,6,5,4,4,0,100.0,4,2,5,Uber,Yes
Electivire,75,123,67,95,85,95,2,0,0,3,0,2,1,2,11,9,6,5,3,0,33.33333333333333,0,4,4,ZU,No
Magmortar,75,95,67,125,95,83,3,0,0,1,0,3,2,2,8,7,13,6,3,0,66.66666666666666,0,3,4,PU,Yes
Mamoswine,110,130,80,70,60,80,0,2,0,0,2,2,2,2,12,6,4,3,1,0,85.71428571428571,0,2,2,OU,Yes
Porygon-Z,85,80,70,135,75,90,3,0,0,1,0,4,0,2,2,4,10,6,3,0,100.0,3,3,12,RU,Yes
Froslass,70,80,70,80,70,110,6,3,0,0,0,0,2,2,6,4,7,5,3,0,71.42857142857143,1,4,6,PU,Yes
Rotom,50,50,77,95,77,91,10,0,0,3,0,4,2,2,2,2,8,5,4,0,95.45454545454544,0,4,12,PU,Yes
Uxie,75,75,130,75,130,95,-1,2,1,3,2,4,0,2,8,8,11,6,3,0,95.45454545454544,2,0,13,PU,Yes
Mesprit,80,105,105,105,105,80,-1,2,1,3,2,4,0,2,7,7,13,7,3,0,95.45454545454544,2,3,13,PU,Yes
Azelf,75,125,70,125,70,115,-1,2,0,3,2,4,0,2,8,7,13,7,3,0,95.45454545454544,2,4,13,UU,Yes
Dialga,100,120,120,150,100,90,12,2,0,0,0,3,0,2,11,6,15,9,3,0,65.21739130434783,0,3,10,Uber,Yes
Palkia,90,120,100,150,120,100,3,0,0,0,0,3,0,2,12,6,15,9,3,1,65.21739130434783,0,3,10,Uber,Yes
Regigigas,110,160,110,80,110,100,3,0,0,0,2,3,0,2,16,10,4,4,3,0,0.0,2,3,4,ZU,No
Giratina,150,100,120,100,120,90,9,0,0,0,0,3,2,2,8,8,12,9,4,0,65.21739130434783,0,3,10,Uber,Yes
Giratina-Origin,150,120,100,120,100,90,9,0,0,0,0,3,2,2,8,8,12,9,4,0,95.45454545454544,0,3,10,Uber,Yes
Cresselia,120,70,120,75,130,85,-1,0,1,0,0,3,0,1,2,2,9,6,3,0,95.45454545454544,3,3,13,RU,Yes
Stoutland,85,110,90,45,90,80,3,0,0,0,0,2,0,5,8,8,6,4,3,0,100.0,0,2,8,PU,Yes
Unfezant,80,115,80,65,55,93,7,0,1,3,0,3,1,3,2,2,3,3,4,0,75.0,3,4,3,PU,Yes
Gigalith,85,135,130,60,80,25,-1,2,0,0,0,3,0,6,11,6,3,4,1,0,100.0,0,0,2,NU,Yes
Seismitoad,105,95,75,85,75,74,6,2,0,0,2,2,0,5,8,9,9,5,1,0,66.66666666666666,2,2,9,UU,Yes
Venipede,30,45,59,30,39,57,3,3,0,0,0,5,0,1,2,3,2,1,0,0,100.0,0,1,0,ZU,No
Whirlipede,40,55,99,40,79,47,3,3,0,0,0,5,0,1,2,3,2,1,0,0,100.0,0,0,0,ZU,No
Scolipede,60,100,89,55,69,112,3,3,0,0,0,5,0,1,9,9,2,2,0,0,100.0,0,4,2,UU,Yes
Cottonee,40,27,60,37,50,66,4,0,0,0,2,3,3,5,1,1,3,3,4,0,87.5,2,1,5,ZU,No
Whimsicott,60,67,85,77,75,116,4,0,0,3,2,3,3,5,2,3,7,6,4,0,87.5,2,4,5,PU,Yes
Krookodile,95,117,80,65,70,92,6,2,0,0,2,3,0,0,17,8,8,6,2,0,75.0,0,2,4,UU,Yes
Gothita,45,30,50,55,65,45,-1,0,1,0,0,4,1,1,3,3,9,6,3,0,83.33333333333334,0,1,13,ZU,No
Gothorita,60,45,70,75,85,55,-1,0,1,0,0,4,1,1,3,3,9,6,3,0,83.33333333333334,0,1,13,ZU,No
Gothitelle,70,55,95,95,110,65,-1,0,1,0,0,4,1,1,3,5,9,6,3,0,83.33333333333334,0,3,13,PU,Yes
Ferrothorn,74,94,131,54,116,20,11,3,0,0,2,4,0,2,9,5,6,4,3,0,80.0,2,0,2,Uber,Yes
Klink,40,55,70,45,60,30,11,0,0,3,0,4,0,2,1,2,5,4,3,1,64.28571428571429,0,1,12,ZU,No
Litwick,50,30,55,65,55,20,11,0,0,0,0,3,0,1,1,1,14,5,3,0,77.77777777777779,0,1,6,ZU,No
Lampent,60,40,60,95,60,55,11,0,0,0,0,3,0,1,1,1,14,5,3,0,77.77777777777779,0,1,6,ZU,No
Chandelure,60,55,90,145,90,80,11,0,0,0,0,3,0,1,1,2,14,6,3,0,77.77777777777779,0,3,6,UU,Yes
Rufflet,70,83,50,37,50,60,7,0,0,3,0,3,0,3,6,5,3,2,4,0,50.0,3,1,3,ZU,No
Larvesta,55,85,55,50,55,60,3,0,0,3,0,3,0,1,4,4,6,3,3,0,66.66666666666666,3,1,0,ZU,No
Volcarona,85,60,65,135,105,100,3,0,0,3,0,5,0,3,6,6,9,5,4,0,66.66666666666666,3,3,3,OU,Yes
Roggenrola,55,75,85,25,25,15,-1,2,0,0,0,3,0,2,7,4,2,2,1,0,57.14285714285714,0,1,2,ZU,No
Boldore,70,105,105,50,40,20,-1,2,0,0,0,3,0,2,8,4,3,3,1,0,57.14285714285714,0,0,2,ZU,No
Woobat,65,45,43,55,43,72,3,0,0,3,2,4,0,1,6,2,8,5,4,0,50.0,3,1,13,ZU,No
Crustle,70,105,125,65,75,45,-1,3,0,0,2,5,0,2,9,6,0,1,1,0,57.14285714285714,0,0,2,PU,Yes
Vanillite,36,50,50,65,60,44,-3,0,0,0,0,3,2,2,3,2,4,3,2,0,40.0,0,1,1,ZU,No
Vanillish,51,65,65,80,75,59,-3,0,0,0,0,3,2,2,3,2,4,3,2,0,40.0,0,1,1,ZU,No
Vanilluxe,71,95,85,110,95,79,-3,0,0,0,0,3,2,6,3,2,5,3,2,0,100.0,0,3,1,ZU,No
Cubchoo,55,70,40,60,40,40,-3,0,0,0,0,2,0,5,4,5,4,2,2,0,100.0,0,1,9,ZU,No
Beartic,95,130,80,70,80,50,-3,0,0,0,0,4,2,5,12,8,5,4,2,0,100.0,0,2,9,ZU,No
Cryogonal,80,50,50,95,135,105,-3,0,0,0,2,2,2,2,5,2,4,3,4,0,95.45454545454544,3,3,1,PU,Yes
Victini,100,100,100,100,100,100,2,0,0,3,0,3,1,2,6,6,21,8,3,1,1.0,0,3,13,OU,Yes
Lillipup,45,60,45,25,45,55,3,0,0,0,0,2,0,0,5,6,4,3,3,0,33.33333333333333,0,1,8,ZU,No
Herdier,65,80,65,35,65,60,3,0,0,0,0,2,0,5,5,6,5,4,3,0,100.0,0,1,8,ZU,No
Purrloin,41,50,37,50,37,66,3,0,0,3,2,4,3,0,4,5,5,4,3,0,87.5,0,1,14,ZU,No
Liepard,64,88,50,88,50,106,3,0,0,3,2,4,3,0,6,6,6,4,3,0,87.5,0,4,14,PU,Yes
Munna,76,25,45,67,55,24,-1,0,2,0,0,3,0,1,3,2,8,4,3,0,27.27272727272727,3,1,13,ZU,No
Musharna,116,55,85,107,95,29,-1,0,2,0,0,3,0,2,3,3,8,5,3,0,27.27272727272727,3,2,13,PU,Yes
Pidove,50,55,50,36,30,43,7,0,1,3,0,3,1,0,1,1,2,2,4,0,75.0,3,1,3,ZU,No
Tranquill,62,77,62,50,42,65,7,0,1,3,0,3,1,0,1,1,2,2,4,0,75.0,3,1,3,ZU,No
Swoobat,67,57,55,77,55,114,3,0,0,3,2,4,0,1,7,3,8,5,4,0,50.0,3,4,13,PU,Yes
Drilbur,60,85,40,30,45,68,3,2,0,0,0,4,0,5,5,6,3,2,4,0,76.92307692307693,0,1,2,ZU,No
Excadrill,110,135,60,50,65,88,13,2,0,0,0,4,0,5,8,7,5,5,4,0,76.92307692307693,0,2,2,Uber,Yes
Audino,103,60,86,60,86,50,3,0,3,0,2,3,0,2,8,9,13,8,3,0,100.0,4,2,11,PU,Yes
Timburr,75,80,55,25,35,35,0,0,0,0,2,5,2,0,9,8,2,1,4,0,100.0,2,1,4,ZU,No
Gurdurr,85,105,85,40,50,40,0,0,0,0,2,5,2,0,11,8,2,1,4,0,100.0,2,2,4,ZU,No
Conkeldurr,105,140,95,55,65,45,0,0,0,0,2,5,2,0,14,8,2,2,4,0,100.0,2,2,4,OU,Yes
Tympole,50,50,40,50,40,64,2,0,0,0,0,0,0,5,0,1,7,4,1,0,66.66666666666666,0,1,1,ZU,No
Palpitoad,75,65,55,65,55,69,6,2,0,0,0,0,0,5,1,3,7,4,1,0,66.66666666666666,0,1,1,ZU,No
Throh,120,100,85,30,85,45,0,0,0,0,2,5,0,0,14,9,2,1,2,0,100.0,0,2,4,PU,Yes
Sawk,75,125,75,30,75,85,0,0,0,0,2,3,0,0,12,10,2,1,2,0,76.92307692307693,0,2,4,PU,Yes
Petilil,45,35,50,70,50,30,-1,0,2,0,0,3,0,5,1,1,4,3,4,0,63.63636363636363,3,1,5,ZU,No
Lilligant,70,60,75,110,75,90,-1,0,2,0,0,5,0,5,2,2,4,4,4,0,63.63636363636363,3,4,5,PU,Yes
Basculin,70,92,65,80,55,98,2,0,0,3,0,3,2,0,8,7,5,3,2,0,100.0,0,4,1,PU,Yes
Sandile,50,72,35,35,35,65,6,2,0,0,0,2,0,0,6,6,5,4,2,0,75.0,0,1,14,ZU,No
Krokorok,60,82,45,45,45,74,6,2,0,0,2,2,0,0,8,7,6,4,2,0,75.0,0,1,14,PU,Yes
Darumaka,70,90,45,15,45,50,3,0,0,3,0,3,0,1,7,6,6,3,3,0,40.0,0,1,4,ZU,No
Darmanitan,105,140,55,30,55,95,3,0,0,3,0,3,0,1,11,8,11,4,3,0,50.0,0,2,4,RU,Yes
Maractus,75,86,67,106,67,60,-1,3,0,0,2,3,2,5,5,4,4,2,4,0,100.0,3,4,5,ZU,No
Dwebble,50,65,85,35,35,55,-1,3,0,0,2,5,0,1,6,5,0,0,1,0,57.14285714285714,0,1,2,ZU,No
Scraggy,50,75,70,35,70,48,4,0,0,0,2,4,1,0,16,12,6,4,2,0,100.0,2,1,4,ZU,No
Scrafty,65,90,115,45,115,58,4,0,0,0,2,4,1,0,19,12,6,5,2,0,100.0,2,0,4,NU,Yes
Sigilyph,72,58,80,103,80,97,3,0,0,0,0,3,0,1,3,3,12,9,4,0,100.0,3,4,13,RU,Yes
Yamask,38,30,85,55,65,30,8,1,0,0,2,4,0,0,2,2,6,4,3,0,1.0,0,1,6,ZU,No
Cofagrigus,58,50,145,95,105,30,8,1,0,0,2,4,0,0,3,4,7,5,3,0,1.0,0,0,6,PU,Yes
Tirtouga,54,78,103,53,45,22,1,2,0,0,2,5,2,5,8,7,6,3,1,0,83.33333333333334,0,1,9,ZU,No
Carracosta,74,108,133,83,65,32,1,2,0,0,2,5,2,5,11,8,7,5,1,0,83.33333333333334,0,0,9,PU,Yes
Archen,55,112,45,74,45,70,4,2,0,3,2,3,1,0,10,9,3,4,4,0,1.0,3,4,3,ZU,No
Archeops,75,140,65,112,65,110,4,2,0,3,2,3,1,0,12,9,5,5,4,0,1.0,3,4,3,PU,Yes
Trubbish,50,50,62,40,62,65,3,3,0,0,1,3,0,0,4,3,4,2,2,0,100.0,2,1,6,ZU,No
Garbodor,80,95,82,60,82,75,3,3,0,0,1,3,0,1,6,5,7,6,2,0,100.0,2,2,6,NU,Yes
Zorua,40,65,40,80,40,65,3,0,0,3,2,4,2,0,1,3,8,5,3,0,1.0,0,1,14,ZU,No
Zoroark,60,105,60,120,60,105,3,0,0,3,2,4,2,0,3,4,10,7,3,0,1.0,0,4,14,NU,Yes
Minccino,55,50,40,40,40,75,3,0,0,3,2,3,3,0,5,7,4,3,3,0,100.0,0,1,8,ZU,No
Cinccino,75,95,60,65,60,115,3,0,0,3,2,3,3,2,7,7,6,4,3,0,100.0,0,4,8,PU,Yes
Solosis,45,30,40,105,50,20,-1,0,0,0,0,3,0,2,4,4,9,5,3,0,100.0,4,1,13,ZU,No
Duosion,65,40,50,125,60,30,-1,0,0,0,0,3,0,2,4,4,9,5,3,0,100.0,4,1,13,ZU,No
Reuniclus,110,65,75,125,85,30,-1,0,0,0,2,3,0,2,9,8,11,7,3,0,100.0,4,2,13,UU,Yes
Emolga,55,75,60,75,60,103,7,0,0,3,2,3,1,2,5,3,5,2,4,0,50.0,3,4,12,ZU,No
Karrablast,50,75,45,40,45,60,0,0,0,0,2,4,0,0,3,4,2,2,2,0,100.0,2,1,0,ZU,No
Escavalier,70,135,105,60,105,20,11,0,0,0,2,4,0,0,5,7,4,5,2,0,40.0,2,0,0,NU,Yes
Foongus,69,55,45,55,55,15,2,0,0,0,0,3,0,2,2,3,5,3,5,0,100.0,4,1,5,ZU,No
Amoonguss,114,85,70,85,80,30,2,0,0,0,0,3,0,2,3,4,6,4,5,0,100.0,4,2,5,Uber,Yes
Frillish,55,40,50,65,85,40,10,0,0,0,0,2,0,1,2,2,15,8,3,0,71.42857142857143,4,1,1,ZU,No
Jellicent,100,60,70,85,105,60,10,0,0,0,0,2,0,1,2,3,15,9,3,0,71.42857142857143,4,2,1,PU,Yes
Joltik,50,47,50,57,50,65,2,0,0,3,0,3,2,2,4,4,4,3,3,0,100.0,2,1,12,ZU,No
Galvantula,70,77,60,97,60,108,2,4,0,3,0,3,2,2,5,6,5,4,3,0,100.0,2,4,12,PU,Yes
Ferroseed,44,50,91,24,86,10,11,3,0,0,2,3,0,1,6,4,4,3,3,0,80.0,2,1,5,PU,Yes
Klang,60,80,95,70,85,50,11,0,0,3,0,4,0,2,1,2,5,4,3,1,64.28571428571429,0,0,12,ZU,No
Klinklang,60,100,115,70,85,90,11,0,0,3,0,4,0,2,1,3,6,4,3,1,64.28571428571429,0,0,12,PU,Yes
Elgyem,55,55,55,85,55,30,-1,0,0,1,0,4,0,1,2,2,7,6,3,0,66.66666666666666,3,1,13,ZU,No
Beheeyem,75,75,75,125,95,40,-1,0,0,1,0,4,0,1,2,3,10,7,3,0,66.66666666666666,3,3,13,PU,Yes
Axew,46,87,60,30,40,57,1,0,0,0,0,4,2,0,7,9,2,1,2,0,76.92307692307693,0,1,14,ZU,No
Fraxure,66,117,70,40,50,67,1,0,0,0,0,4,2,0,10,9,2,1,2,0,76.92307692307693,0,2,14,PU,Yes
Haxorus,76,147,90,60,70,97,1,0,0,0,0,4,2,0,14,10,6,4,2,0,76.92307692307693,0,4,14,UU,Yes
Shelmet,50,40,85,40,65,25,0,3,0,0,0,2,0,1,0,1,4,3,2,0,40.0,3,1,0,ZU,No
Accelgor,80,70,40,100,60,145,0,3,0,3,2,4,1,1,0,1,5,5,2,0,100.0,3,4,0,PU,Yes
Stunfisk,109,66,84,81,99,32,4,2,0,0,0,2,2,2,6,5,8,5,3,0,50.0,0,2,12,PU,Yes
Mienfoo,45,85,50,55,50,65,0,0,0,3,2,4,1,0,7,6,3,1,2,0,100.0,4,1,4,ZU,No
Mienshao,65,125,60,95,60,105,0,0,0,3,2,4,1,0,7,7,3,2,2,0,100.0,4,4,4,UU,Yes
Druddigon,77,120,90,60,90,48,1,2,0,0,0,2,2,0,15,11,10,8,4,0,80.0,0,0,14,PU,Yes
Golett,59,74,50,35,50,35,11,2,0,0,0,3,0,0,12,8,8,5,1,0,75.0,2,1,4,ZU,No
Golurk,89,124,80,55,80,55,11,2,0,0,0,3,0,1,19,11,10,8,3,0,75.0,2,2,4,RU,Yes
Pawniard,45,85,70,40,40,60,13,2,0,0,2,4,2,0,6,6,4,2,3,0,88.88888888888889,0,1,14,PU,Yes
Bisharp,65,125,100,60,70,70,13,2,0,0,2,4,2,0,8,8,6,4,3,0,88.88888888888889,0,0,14,OU,Yes
Bouffalant,95,110,95,40,95,55,3,0,0,0,0,4,0,0,14,11,1,3,2,0,60.0,0,2,2,PU,Yes
Braviary,100,123,75,57,75,80,7,0,0,3,0,3,0,3,7,6,3,3,4,0,88.88888888888889,3,2,3,NU,Yes
Vullaby,70,55,75,45,65,60,7,0,0,3,2,4,0,0,3,2,5,3,4,0,40.0,3,1,3,ZU,No
Mandibuzz,110,65,105,55,95,80,7,0,0,3,2,4,0,0,3,3,5,4,4,0,40.0,3,2,3,OU,Yes
Heatmor,85,97,66,105,66,65,3,0,0,0,2,2,2,1,8,6,8,3,3,0,77.77777777777779,2,2,4,PU,Yes
Durant,58,109,112,48,48,109,11,0,0,0,0,3,2,0,8,7,3,2,3,0,40.0,0,4,2,RU,Yes
Deino,52,65,50,45,50,38,4,0,0,0,0,4,0,0,7,7,5,5,3,0,40.0,0,1,14,ZU,No
Zweilous,72,85,70,65,70,58,4,0,0,0,0,4,0,0,7,7,5,5,3,0,40.0,0,2,14,ZU,No
Hydreigon,92,105,90,125,90,98,4,0,0,3,0,4,0,0,14,10,15,9,4,0,95.45454545454544,3,3,10,OU,Yes
Cobalion,91,90,129,90,72,108,11,2,0,3,0,4,1,0,9,8,4,3,3,0,75.0,0,3,2,UU,Yes
Terrakion,91,129,90,72,90,108,-1,2,0,0,0,4,1,0,13,8,3,3,2,0,75.0,0,3,2,OU,Yes
Virizion,91,90,72,90,129,108,-1,0,0,0,0,4,1,2,9,7,5,3,2,0,75.0,3,3,5,NU,Yes
Tornadus,79,115,70,125,80,111,4,0,0,3,2,4,3,3,5,5,9,7,4,0,88.88888888888889,0,3,14,UU,Yes
Tornadus-Therian,79,100,80,110,90,121,4,0,0,3,2,4,0,3,5,5,9,7,4,0,100.0,4,3,14,OU,Yes
Thundurus,79,115,70,125,80,111,7,0,0,3,2,4,3,2,6,6,10,7,4,0,88.88888888888889,0,3,14,UU,Yes
Thundurus-Therian,79,105,70,145,80,101,7,0,0,3,2,4,0,2,6,6,10,7,4,0,66.66666666666666,0,3,14,UU,Yes
Reshiram,100,120,100,150,120,90,4,0,0,0,0,4,0,2,12,8,14,7,4,0,76.92307692307693,3,3,10,Uber,Yes
Zekrom,100,150,120,120,100,90,3,0,0,3,0,4,0,2,14,8,10,8,4,1,76.92307692307693,3,3,10,Uber,Yes
Landorus,89,125,90,115,80,101,8,2,0,3,2,4,0,2,7,7,6,5,4,0,50.0,0,3,2,Uber,Yes
Landorus-Therian,89,145,90,105,80,91,8,2,0,3,2,4,0,2,7,7,6,5,4,0,61.53846153846154,0,3,2,Uber,Yes
Kyurem,125,130,90,130,90,95,-2,0,0,0,0,4,0,2,11,7,12,8,2,0,65.21739130434783,3,3,10,OU,Yes
Kyurem-Black,125,170,100,120,90,95,-2,0,0,0,0,4,0,2,12,8,12,8,2,0,76.92307692307693,3,3,10,Uber,Yes
Kyurem-White,125,120,90,170,100,95,-2,0,0,0,0,4,0,2,11,7,13,9,2,0,76.92307692307693,3,3,10,Uber,Yes
Keldeo,91,72,90,129,90,108,2,0,0,3,0,4,2,0,9,7,6,3,2,1,75.0,0,3,1,OU,Yes
Genesect,71,120,95,120,95,99,11,0,0,3,0,4,2,2,5,7,12,9,3,0,33.33333333333333,2,3,12,Uber,Yes
Meowstic-M,74,48,76,83,81,104,-1,0,1,0,0,4,3,1,3,5,6,6,3,0,87.5,0,4,13,PU,Yes
Zygarde,108,100,121,81,95,95,3,0,0,0,0,4,2,0,11,8,8,5,4,1,1.0,0,3,2,Uber,Yes
Aegislash,60,50,140,50,140,60,18,0,0,0,0,4,2,2,7,4,4,3,4,0,1.0,0,0,0,OU,Yes
Pumpkaboo-Small,44,66,70,44,55,56,7,0,0,0,0,3,2,2,7,5,10,6,3,0,50.0,3,1,5,ZU,No
Pumpkaboo-Large,54,66,70,44,55,46,7,0,0,0,0,3,2,2,7,5,10,6,3,0,50.0,3,1,5,ZU,No
Gourgeist-Small,55,85,122,58,75,99,7,0,0,0,0,4,2,2,8,5,12,9,3,0,50.0,3,0,5,PU,Yes
Gourgeist-Large,75,95,122,58,75,69,7,0,0,0,0,4,2,2,8,5,12,9,3,0,50.0,3,0,5,ZU,No
Hawlucha,78,92,75,74,63,118,4,0,0,3,0,4,0,0,17,12,2,1,4,0,85.71428571428571,3,4,4,OU,Yes
Bergmite,55,69,85,32,35,28,-3,0,0,0,0,3,0,2,5,3,4,3,4,0,57.14285714285714,3,1,1,ZU,No
Avalugg,95,117,184,44,46,28,-3,0,0,0,0,3,0,2,12,6,5,4,4,0,57.14285714285714,3,0,2,PU,Yes
Noibat,40,30,35,45,40,55,5,0,0,3,0,3,0,3,6,6,9,7,4,0,55.55555555555556,3,1,3,ZU,No
Noivern,85,70,80,97,80,123,5,0,0,3,0,4,0,3,7,7,12,8,4,0,55.55555555555556,3,4,3,UU,Yes
Bunnelby,38,36,38,32,36,57,3,3,0,3,0,4,1,1,6,7,3,2,0,0,100.0,0,1,2,ZU,No
Diggersby,85,56,77,50,77,78,6,3,0,3,2,4,1,1,16,11,5,4,0,0,100.0,0,2,4,UU,Yes
Fletchling,45,50,43,40,38,62,7,0,0,3,0,4,3,0,2,1,2,1,4,0,1.0,3,1,3,ZU,No
Fletchinder,62,73,55,56,52,84,8,0,0,3,0,4,3,0,2,1,5,1,4,0,66.66666666666666,3,4,3,ZU,No
Talonflame,78,81,71,74,69,126,8,0,0,3,0,4,3,3,4,3,6,3,4,0,66.66666666666666,3,4,3,RU,Yes
Pancham,67,82,62,46,48,43,0,0,0,2,2,4,0,0,15,11,5,4,2,0,100.0,2,1,4,ZU,No
Pangoro,95,124,78,69,71,58,4,0,0,2,2,4,2,0,25,13,7,5,2,0,100.0,2,2,4,RU,Yes
Espurr,62,48,54,63,60,68,-1,0,1,0,0,4,1,1,2,3,5,4,3,0,55.55555555555556,0,1,13,ZU,No
Meowstic-F,74,48,76,83,81,104,-1,0,1,0,0,4,2,1,3,5,8,6,3,0,83.33333333333334,0,4,13,PU,Yes
Honedge,45,80,100,35,37,28,18,0,0,0,0,4,2,2,6,3,2,1,2,0,75.0,0,1,0,ZU,No
Doublade,59,110,150,45,49,35,18,0,0,0,0,4,2,2,6,3,2,1,2,0,75.0,0,0,0,RU,Yes
Spritzee,78,52,60,63,65,23,5,0,2,0,0,4,0,2,1,0,6,5,2,0,100.0,1,1,13,ZU,No
Aromatisse,101,72,72,99,89,29,5,0,2,0,0,4,0,2,1,1,8,6,2,0,100.0,2,2,13,PU,Yes
Swirlix,62,48,66,59,57,49,5,4,2,0,0,4,0,2,1,1,6,6,2,0,85.71428571428571,1,1,0,ZU,No
Slurpuff,82,80,86,85,75,72,5,4,2,0,0,4,0,2,1,2,7,7,2,0,85.71428571428571,2,2,0,RU,Yes
Inkay,53,54,53,37,46,45,1,0,0,0,2,4,0,1,5,4,6,4,3,0,55.55555555555556,0,1,14,ZU,No
Malamar,86,92,88,68,75,73,1,0,0,0,2,4,0,1,6,5,7,5,3,0,55.55555555555556,0,2,14,ZU,No
Binacle,42,52,67,39,56,50,1,2,0,0,0,5,0,1,7,7,7,4,3,0,100.0,0,1,2,ZU,No
Barbaracle,72,105,115,54,86,68,1,2,0,0,0,5,0,1,10,8,9,6,3,0,100.0,0,0,2,RU,Yes
Skrelp,50,60,60,60,60,30,5,1,0,3,0,2,0,0,6,6,8,5,2,0,100.0,0,1,1,ZU,No
Dragalge,65,75,90,97,123,44,4,1,0,3,0,2,0,2,6,7,11,7,2,0,100.0,0,0,1,RU,Yes
Clauncher,50,53,62,58,63,44,2,0,0,3,0,4,2,1,2,4,8,6,0,1,0.0,0,1,1,ZU,No
Clawitzer,71,73,88,120,89,59,2,0,0,3,0,4,2,1,3,5,11,9,0,1,0.0,0,3,1,NU,Yes
Helioptile,44,38,33,61,43,70,5,0,0,3,0,3,1,4,4,5,5,3,4,0,100.0,0,1,12,ZU,No
Heliolisk,62,55,52,109,94,109,5,0,0,3,0,3,1,4,7,7,9,6,4,0,100.0,0,4,12,NU,Yes
Tyrunt,58,89,77,45,45,48,0,2,0,0,0,4,0,0,17,9,5,4,2,0,57.14285714285714,0,1,2,ZU,No
Tyrantrum,82,121,119,69,59,71,0,2,0,0,0,4,0,0,19,9,5,4,2,0,50.0,0,0,2,RU,Yes
Amaura,77,59,50,67,63,46,-4,2,0,0,0,3,0,6,7,6,9,7,3,0,100.0,0,1,9,ZU,No
Aurorus,123,77,72,99,92,58,-4,2,0,0,0,3,0,6,9,7,11,7,3,0,100.0,0,2,9,ZU,No
Sylveon,95,65,65,110,130,60,5,0,2,0,0,3,1,2,1,4,7,4,2,0,16.666666666666664,1,3,8,UU,Yes
Dedenne,67,58,57,81,67,101,7,0,0,3,0,0,0,2,5,5,5,2,3,0,0.0,0,4,12,ZU,No
Carbink,50,50,150,50,150,50,4,2,0,0,0,3,0,2,6,4,5,4,1,0,64.28571428571429,0,0,13,PU,Yes
Goomy,45,50,35,55,75,40,1,0,0,0,0,2,0,1,2,4,5,4,0,0,60.0,0,1,0,ZU,No
Sliggoo,68,75,53,83,113,60,1,0,0,0,0,2,0,1,2,4,7,5,0,0,60.0,0,3,0,ZU,No
Goodra,90,100,70,110,150,80,1,0,0,0,0,2,0,2,10,10,13,8,2,0,60.0,0,3,9,NU,Yes
Klefki,57,80,91,80,87,75,16,3,0,0,0,3,3,0,2,3,6,4,4,0,87.5,1,0,13,UU,Yes
Phantump,43,70,48,50,60,38,7,0,0,0,0,3,2,2,6,7,6,4,3,0,100.0,3,1,5,ZU,No
Trevenant,85,110,76,65,82,56,7,0,0,0,0,3,2,2,8,8,8,6,3,0,100.0,3,2,5,PU,Yes
Pumpkaboo,49,66,70,44,55,51,7,0,0,0,0,3,2,2,7,5,10,6,3,0,50.0,3,1,5,ZU,No
Pumpkaboo-Super,59,66,70,44,55,41,7,0,0,0,0,3,2,2,7,5,10,6,3,0,50.0,3,1,5,ZU,No
Gourgeist,65,90,122,58,75,84,7,0,0,0,0,4,2,2,8,5,12,9,3,0,50.0,3,0,5,PU,Yes
Gourgeist-Super,85,100,122,58,75,54,7,0,0,0,0,4,2,2,8,5,12,9,3,0,50.0,3,0,5,PU,Yes
Xerneas,126,131,95,131,98,99,5,0,1,0,0,5,0,2,6,7,10,6,4,0,1.0,3,3,13,Uber,Yes
Yveltal,126,131,95,131,98,99,7,0,0,3,2,2,2,3,6,7,9,7,4,0,1.0,3,3,3,Uber,Yes
Diancie,50,100,150,100,150,50,4,2,1,0,0,3,0,2,6,4,8,5,2,1,64.28571428571429,1,0,13,UU,Yes
Volcanion,80,110,120,130,90,70,5,0,0,0,0,3,0,2,13,6,13,7,4,1,53.84615384615385,0,3,2,UU,Yes
Vikavolt,77,70,90,145,75,43,2,4,0,3,0,3,0,2,7,7,7,5,3,0,95.45454545454544,3,3,12,NU,Yes
Lycanroc,75,115,65,55,65,112,-1,2,0,0,0,4,2,5,12,8,3,2,2,0,66.66666666666666,0,4,2,PU,Yes
Lycanroc-Midnight,85,115,75,55,75,82,-1,2,0,0,0,4,2,0,16,11,3,2,2,0,75.0,0,2,4,PU,Yes
Tapu Koko,70,115,85,95,75,130,7,0,0,3,0,3,1,6,6,4,7,3,4,0,100.0,3,4,12,OU,Yes
Tapu Lele,70,85,75,130,115,95,4,0,1,0,0,3,0,6,2,2,12,7,2,0,100.0,1,3,13,OU,Yes
Tapu Bulu,70,130,115,85,95,75,4,0,0,0,0,4,0,6,11,8,6,4,2,0,100.0,3,0,5,OU,Yes
Tapu Fini,70,75,115,95,130,85,7,0,0,0,2,3,0,6,3,4,10,5,4,0,100.0,1,3,1,OU,Yes
Raichu-Alola,60,85,50,95,85,110,1,0,1,3,2,4,2,5,7,7,10,5,3,0,1.0,1,4,8,NU,Yes
Sandshrew-Alola,50,75,90,10,35,40,8,2,0,0,2,4,2,5,13,10,3,2,4,0,100.0,1,1,2,ZU,No
Sandslash-Alola,75,100,120,25,65,65,8,3,0,0,2,4,2,5,13,10,4,4,4,0,100.0,1,0,2,PU,Yes
Vulpix-Alola,38,41,40,50,65,65,-3,0,1,0,0,3,2,6,3,6,7,4,2,0,100.0,1,1,8,ZU,No
Ninetales-Alola,73,67,75,81,100,109,2,0,1,0,0,4,2,6,4,6,9,5,2,0,100.0,1,4,8,OU,Yes
Diglett-Alola,10,55,30,35,45,90,13,2,0,0,0,3,2,2,4,4,6,4,2,0,50.0,0,1,2,ZU,No
Dugtrio-Alola,35,100,60,50,70,110,13,2,0,0,0,3,2,2,6,4,8,4,2,0,50.0,0,4,2,PU,Yes
Meowth-Alola,40,35,35,50,40,90,3,0,0,3,2,4,3,2,5,7,5,5,2,0,54.54545454545454,0,1,14,ZU,No
Persian-Alola,65,60,60,75,65,115,3,0,0,3,2,4,3,2,5,7,8,6,3,0,54.54545454545454,0,4,14,PU,Yes
Exeggutor-Alola,95,105,85,125,75,45,0,0,1,1,2,4,0,2,13,7,9,6,4,0,50.0,3,3,5,PU,Yes
Marowak-Alola,60,80,110,50,80,45,11,2,0,0,2,4,0,2,13,10,15,9,3,1,71.42857142857143,0,0,4,RU,Yes
Zygarde-10%,54,100,71,61,85,115,3,0,0,0,0,4,2,0,11,8,8,5,4,1,0.0,0,4,2,UU,Yes
Rowlet,68,55,55,50,50,42,2,0,0,0,2,4,2,2,4,2,3,1,4,0,20.0,3,1,5,ZU,No
Dartrix,78,75,75,70,70,52,2,0,0,0,2,4,2,2,4,2,3,1,4,0,20.0,3,2,5,ZU,No
Decidueye,78,107,75,100,100,70,7,0,0,3,2,4,2,3,7,4,8,4,4,1,20.0,3,3,5,RU,Yes
Litten,45,65,40,60,40,70,3,0,0,3,0,4,1,0,4,4,5,1,3,0,61.53846153846154,1,1,14,ZU,No
Torracat,65,85,50,80,50,90,3,0,0,3,0,4,1,0,4,4,5,1,3,0,61.53846153846154,1,4,14,ZU,No
Incineroar,95,115,90,80,90,60,6,0,0,3,2,4,1,0,15,8,10,4,3,0,61.53846153846154,2,2,4,UU,Yes
Popplio,50,54,54,66,56,40,2,0,0,3,0,2,2,1,4,3,7,4,2,0,75.0,1,1,1,ZU,No
Brionne,60,69,69,91,81,50,2,0,0,3,0,2,2,1,4,3,7,4,2,0,75.0,1,4,1,ZU,No
Primarina,80,74,74,126,116,60,7,0,0,3,0,3,2,2,5,4,12,7,2,0,75.0,1,3,1,OU,Yes
Grubbin,47,62,45,55,45,46,0,4,0,3,0,0,0,2,6,5,2,1,3,0,0.0,0,1,12,ZU,No
Charjabug,57,82,95,55,75,36,2,4,0,3,0,2,0,2,6,5,2,1,3,0,0.0,0,0,12,ZU,No
Cutiefly,40,45,40,55,40,84,5,4,1,3,0,5,0,0,3,2,5,4,4,0,50.0,3,1,13,ZU,No
Ribombee,60,55,60,95,70,124,5,4,1,3,0,5,0,1,3,2,6,5,4,0,50.0,3,4,13,PU,Yes
Rockruff,45,65,40,30,40,60,-1,2,0,0,0,4,2,0,8,7,3,2,2,0,33.33333333333333,0,1,2,ZU,No
Lycanroc-Dusk,75,117,65,55,65,110,-1,2,0,0,0,4,2,0,13,9,3,2,2,0,100.0,0,4,2,UU,Yes
Wishiwashi,45,20,20,25,25,40,2,0,0,3,0,0,0,0,4,4,4,3,1,0,1.0,0,1,1,PU,Yes
Mareanie,50,53,62,43,52,45,5,1,0,0,2,2,0,1,3,2,7,3,2,0,100.0,4,1,1,ZU,No
Toxapex,50,63,152,53,142,35,5,1,0,0,2,2,0,1,3,2,8,3,4,0,100.0,4,0,1,Uber,Yes
Mudbray,70,100,70,45,55,45,3,2,0,0,0,2,0,0,9,5,1,1,1,0,26.31578947368421,0,2,2,ZU,No
Mudsdale,100,125,100,55,85,35,3,2,0,0,0,2,0,0,10,6,2,3,1,0,26.31578947368421,0,2,2,NU,Yes
Dewpider,38,40,52,40,72,27,2,4,0,0,0,2,0,1,6,4,5,3,1,0,53.84615384615385,2,1,1,ZU,No
Araquanid,68,70,92,50,132,42,2,4,0,0,0,2,0,1,6,4,6,3,1,0,53.84615384615385,2,0,1,NU,Yes
Fomantis,40,55,35,50,35,35,-1,0,1,0,0,4,0,2,5,3,3,1,4,0,50.0,3,1,5,ZU,No
Lurantis,70,105,90,80,90,45,-1,0,1,0,2,4,0,2,7,5,3,2,4,0,50.0,3,0,5,PU,Yes
Morelull,40,35,55,65,75,15,4,0,0,0,0,3,0,2,1,1,6,5,5,0,66.66666666666666,4,1,5,ZU,No
Shiinotic,60,45,80,90,100,30,4,0,0,0,0,3,0,2,1,2,6,6,5,0,66.66666666666666,4,0,5,PU,Yes
Salandit,48,44,40,71,40,77,6,0,0,0,2,4,1,0,5,4,7,3,3,0,37.5,1,1,14,ZU,No
Salazzle,68,64,60,111,60,117,6,0,0,0,2,4,1,0,9,5,7,3,3,0,37.5,1,4,14,RU,Yes
Stufful,70,75,50,45,50,50,3,0,0,0,0,4,0,0,9,8,1,1,2,0,100.0,0,1,4,ZU,No
Bewear,120,125,80,55,60,60,3,0,0,0,0,4,0,0,15,10,1,2,2,0,100.0,2,2,4,RU,Yes
Bounsweet,42,30,38,30,38,32,-1,0,1,0,0,0,0,2,3,4,3,2,4,0,37.5,3,1,5,ZU,No
Steenee,52,40,48,40,48,62,-1,0,1,0,2,0,0,2,4,4,4,2,4,0,37.5,3,1,5,ZU,No
Tsareena,72,120,98,50,98,72,-1,0,1,3,2,0,0,2,8,6,4,3,4,0,25.0,3,0,5,PU,Yes
Comfey,51,52,90,82,110,100,5,0,1,3,0,3,3,2,4,2,5,4,4,0,100.0,3,4,5,NU,Yes
Oranguru,90,60,80,90,110,60,3,0,0,0,2,4,0,2,4,6,9,6,3,0,26.31578947368421,0,3,13,ZU,No
Passimian,100,120,90,40,60,80,0,0,0,3,2,3,1,0,10,7,4,4,2,0,88.88888888888889,2,2,4,NU,Yes
Wimpod,25,35,40,20,30,80,2,3,0,0,0,0,2,0,1,1,3,2,2,0,1.0,1,1,0,ZU,No
Golisopod,75,125,140,60,90,40,2,3,0,0,2,4,2,1,8,9,10,7,2,0,1.0,1,0,1,RU,Yes
Sandygast,55,55,80,70,45,15,11,2,0,0,0,3,0,1,4,3,6,5,3,0,1.0,4,1,2,ZU,No
Palossand,85,75,110,100,75,35,11,2,0,0,0,3,0,1,4,4,6,5,3,0,1.0,4,0,2,PU,Yes
Pyukumuku,55,60,130,30,130,5,2,0,0,0,0,2,0,0,0,0,0,0,2,0,50.0,3,0,0,PU,Yes
Type: Null,95,95,95,95,95,59,3,0,0,3,0,4,0,1,4,5,2,1,3,0,37.5,0,3,7,PU,Yes
Silvally,95,95,95,95,95,95,3,0,0,3,0,4,0,1,10,7,14,9,4,1,100.0,0,3,7,ZU,No
Silvally-Bug,95,95,95,95,95,95,0,0,0,3,0,4,0,1,10,7,14,9,4,1,100.0,0,3,7,PU,Yes
Silvally-Dark,95,95,95,95,95,95,3,0,0,3,0,4,0,1,10,7,14,9,4,1,100.0,0,3,7,ZU,No
Silvally-Dragon,95,95,95,95,95,95,1,0,0,3,0,4,0,1,10,7,14,9,4,1,100.0,0,3,7,PU,Yes
Silvally-Electric,95,95,95,95,95,95,2,0,0,3,0,4,0,1,10,7,14,9,4,1,100.0,0,3,7,ZU,No
Silvally-Fairy,95,95,95,95,95,95,5,0,0,3,0,4,0,1,10,7,14,9,4,1,100.0,0,3,7,PU,Yes
Silvally-Fighting,95,95,95,95,95,95,0,0,0,3,0,4,0,1,10,7,14,9,4,1,100.0,0,3,7,ZU,No
Silvally-Fire,95,95,95,95,95,95,3,0,0,3,0,4,0,1,10,7,14,9,4,1,100.0,0,3,7,ZU,No
Silvally-Flying,95,95,95,95,95,95,4,0,0,3,0,4,0,1,10,7,14,9,4,1,100.0,0,3,7,ZU,No
Silvally-Ghost,95,95,95,95,95,95,8,0,0,3,0,4,0,1,10,7,14,9,4,1,100.0,0,3,7,NU,Yes
Silvally-Grass,95,95,95,95,95,95,-1,0,0,3,0,4,0,1,10,7,14,9,4,1,100.0,0,3,7,ZU,No
Silvally-Ground,95,95,95,95,95,95,3,0,0,3,0,4,0,1,10,7,14,9,4,1,100.0,0,3,7,NU,Yes
Silvally-Ice,95,95,95,95,95,95,-3,0,0,3,0,4,0,1,10,7,14,9,4,1,100.0,0,3,7,PU,Yes
Silvally-Poison,95,95,95,95,95,95,3,0,0,3,0,4,0,1,10,7,14,9,4,1,100.0,0,3,7,PU,Yes
Silvally-Psychic,95,95,95,95,95,95,-1,0,0,3,0,4,0,1,10,7,14,9,4,1,100.0,0,3,7,ZU,No
Silvally-Rock,95,95,95,95,95,95,-1,0,0,3,0,4,0,1,10,7,14,9,4,1,100.0,0,3,7,PU,Yes
Silvally-Steel,95,95,95,95,95,95,11,0,0,3,0,4,0,1,10,7,14,9,4,1,100.0,0,3,7,NU,Yes
Silvally-Water,95,95,95,95,95,95,2,0,0,3,0,4,0,1,10,7,14,9,4,1,100.0,0,3,7,ZU,No
Turtonator,60,78,135,91,85,36,4,0,0,0,0,5,0,1,13,7,12,5,4,0,37.5,0,0,2,PU,Yes
Togedemaru,65,98,63,40,73,96,13,0,1,3,0,3,1,2,8,6,5,3,4,0,80.0,0,4,12,PU,Yes
Mimikyu,55,90,80,50,105,96,12,0,0,0,0,4,2,2,3,5,8,6,3,0,1.0,2,4,6,RU,Yes
Drampa,78,60,85,135,91,36,4,0,0,0,0,4,0,3,9,8,18,11,4,0,100.0,3,3,10,PU,Yes
Dhelmise,70,131,100,86,90,40,7,0,0,0,2,4,0,2,9,8,8,6,4,0,1.0,3,0,5,RU,Yes
Jangmo-o,45,55,65,45,45,45,1,0,0,0,0,4,0,0,9,7,3,3,2,0,50.0,0,1,4,ZU,No
Hakamo-o,55,75,90,65,70,65,1,0,0,0,0,4,0,0,10,8,3,3,2,0,50.0,2,0,4,ZU,No
Kommo-o,75,110,125,100,105,85,1,2,0,0,0,5,0,0,17,12,8,5,2,1,50.0,2,3,4,OU,Yes
Cosmog,43,29,31,29,31,37,-1,0,0,1,0,0,0,0,0,0,0,0,0,0,50.0,0,1,0,ZU,No
Cosmoem,43,29,131,29,131,37,-1,0,0,1,0,3,0,0,0,0,0,0,0,0,57.14285714285714,0,0,0,ZU,No
Solgaleo,137,137,107,113,89,97,10,0,0,1,2,3,0,2,15,10,14,6,3,1,64.28571428571429,3,3,13,Uber,Yes
Lunala,137,113,89,137,107,97,6,0,0,1,0,3,0,2,4,3,15,8,4,1,100.0,3,3,13,Uber,Yes
Nihilego,109,53,47,127,131,103,2,2,0,0,2,3,0,2,7,6,11,5,3,0,100.0,0,3,13,UU,Yes
Buzzwole,107,139,139,53,53,79,0,0,0,0,0,3,0,0,17,12,0,0,2,0,100.0,3,2,4,Uber,Yes
Pheromosa,71,137,37,137,37,151,0,0,0,3,0,5,0,1,9,8,4,4,4,0,100.0,3,4,0,Uber,Yes
Xurkitree,83,89,71,173,71,83,2,0,0,3,0,3,0,2,4,3,6,4,3,0,100.0,0,3,12,RU,Yes
Celesteela,97,101,103,107,101,61,16,0,0,0,0,3,0,1,13,9,7,4,1,0,100.0,2,3,2,UU,Yes
Kartana,59,181,131,59,31,109,11,0,0,0,2,4,2,2,4,4,2,1,4,0,100.0,3,4,0,OU,Yes
Guzzlord,223,101,53,97,53,43,4,0,0,0,2,2,0,0,16,8,9,5,2,0,100.0,2,2,2,NU,Yes
Necrozma,97,107,101,127,89,79,-1,2,0,0,2,4,0,1,10,8,12,8,3,0,83.33333333333334,3,3,13,UU,Yes
Necrozma-Dusk Mane,97,157,127,113,109,77,10,2,0,0,2,4,0,1,10,8,12,8,3,1,83.33333333333334,3,3,13,Uber,Yes
Necrozma-Dawn Wings,97,113,109,157,127,77,6,2,0,0,2,4,0,1,10,8,12,8,3,1,83.33333333333334,3,3,13,Uber,Yes
Magearna,80,95,115,130,115,65,16,0,1,3,0,4,0,2,4,4,12,8,3,1,1.0,1,3,13,Uber,Yes
Marshadow,90,125,80,90,90,125,8,0,0,0,2,3,3,0,16,13,5,3,3,1,54.54545454545454,2,3,4,Uber,Yes
Poipole,67,73,67,73,67,73,3,1,0,0,0,4,0,0,2,2,3,3,0,0,100.0,0,4,0,ZU,No
Naganadel,73,73,73,127,73,121,4,3,0,3,0,4,0,0,10,7,12,6,2,0,100.0,1,4,3,Uber,Yes
Stakataka,61,131,211,53,101,13,9,2,0,0,0,3,0,0,13,6,2,1,1,0,100.0,0,0,2,RU,Yes
Blacephalon,53,127,53,151,79,107,11,0,0,0,2,3,0,1,5,4,12,5,3,0,100.0,0,4,6,OU,Yes
Zeraora,88,112,75,102,80,143,2,0,0,3,2,3,1,2,11,9,7,3,3,1,66.66666666666666,2,4,4,OU,Yes
Meltan,46,65,65,55,35,34,11,0,0,0,0,2,0,0,1,0,3,2,3,0,75.0,0,1,0,ZU,No
Melmetal,135,143,143,80,65,34,11,0,0,0,0,2,0,2,11,8,6,4,3,1,33.33333333333333,0,2,0,OU,Yes
Meowth-Galar,50,65,55,40,40,40,11,0,0,3,0,4,1,2,8,7,6,5,2,0,100.0,0,1,14,ZU,No
Ponyta-Galar,50,85,55,65,65,90,-1,0,1,0,0,3,0,1,5,7,5,2,1,0,1.0,3,4,0,ZU,No
Rapidash-Galar,65,100,70,80,80,105,4,0,1,0,0,4,1,1,8,9,5,3,1,0,1.0,3,4,0,PU,Yes
Slowpoke-Galar,90,65,65,40,40,15,-1,0,0,0,0,3,0,2,4,6,14,7,3,0,100.0,4,1,9,ZU,No
Slowbro-Galar,95,100,95,100,70,30,2,0,0,0,0,4,0,2,6,9,17,8,3,0,100.0,4,2,9,OU,Yes
Farfetch'd-Galar,52,95,55,58,62,55,0,0,0,0,2,4,1,2,7,6,1,0,4,0,100.0,0,1,0,ZU,No
Weezing-Galar,65,90,120,85,70,60,8,1,1,0,1,2,0,6,3,2,12,7,4,1,100.0,0,0,6,RU,Yes
Mr. Mime-Galar,50,65,65,90,90,100,-4,0,1,0,0,4,2,2,6,6,14,8,4,0,50.0,2,4,13,PU,Yes
Articuno-Galar,90,85,85,125,100,95,3,0,0,3,0,3,0,3,3,2,8,4,1,0,83.33333333333334,3,3,13,NU,Yes
Zapdos-Galar,90,125,90,85,90,100,4,0,0,3,0,3,0,3,8,6,1,2,2,1,88.88888888888889,0,3,0,OU,Yes
Moltres-Galar,90,85,90,100,125,90,7,0,0,3,0,4,2,3,3,3,7,4,2,1,100.0,0,3,0,OU,Yes
Slowking-Galar,95,65,80,110,110,30,2,0,0,0,0,4,0,2,5,8,19,9,3,0,100.0,4,3,9,OU,Yes
Corsola-Galar,60,55,100,65,100,30,8,2,0,0,0,3,0,1,9,5,11,6,3,0,71.42857142857143,4,0,9,PU,Yes
Zigzagoon-Galar,38,30,41,30,41,60,5,0,0,2,2,2,0,2,2,6,9,5,3,0,33.33333333333333,0,1,14,ZU,No
Linoone-Galar,78,70,61,50,61,100,5,0,0,2,2,2,0,2,5,7,9,5,3,0,33.33333333333333,0,4,14,PU,Yes
Darumaka-Galar,70,90,45,15,45,50,-3,0,0,3,0,3,0,1,8,7,9,3,3,0,40.0,0,1,4,ZU,No
Darmanitan-Galar,105,140,55,30,55,95,-3,0,0,3,0,3,0,1,13,9,12,5,3,0,50.0,0,2,4,Uber,Yes
Yamask-Galar,38,55,85,30,65,30,11,1,0,0,0,4,0,0,4,5,7,5,3,0,1.0,0,1,6,ZU,No
Stunfisk-Galar,109,81,99,66,84,32,13,2,0,0,0,2,2,4,6,4,7,5,3,0,1.0,0,2,2,PU,Yes
Grookey,50,65,50,40,40,65,-1,0,0,3,2,4,1,6,4,3,3,2,2,0,100.0,2,1,5,ZU,No
Thwackey,70,85,70,55,60,80,-1,0,0,3,2,4,1,6,4,3,3,2,2,0,100.0,2,4,5,PU,Yes
Rillaboom,100,125,90,60,70,85,-1,0,0,3,2,4,1,6,11,5,9,4,2,0,100.0,2,2,5,OU,Yes
Scorbunny,50,71,40,40,40,69,3,0,0,3,0,3,2,0,5,5,4,1,2,0,25.0,0,1,0,ZU,No
Raboot,65,86,60,55,60,94,3,0,0,3,0,3,2,0,6,5,4,1,2,0,25.0,0,4,0,PU,Yes
Cinderace,80,116,75,65,75,119,3,0,0,3,0,3,2,0,9,7,9,4,2,0,25.0,0,4,0,Uber,Yes
Sobble,50,40,40,70,40,70,2,0,0,3,0,3,2,2,1,2,1,1,2,0,75.0,0,1,1,ZU,No
Drizzile,65,60,55,95,55,90,2,0,0,3,0,3,2,2,1,2,1,1,2,0,75.0,0,4,1,ZU,No
Inteleon,70,85,65,125,65,120,2,0,0,3,0,4,2,2,5,3,8,5,2,0,75.0,0,4,1,NU,Yes
Skwovet,70,55,55,35,35,25,3,0,0,0,0,3,0,0,6,5,1,2,0,0,14.285714285714285,0,1,0,ZU,No
Greedent,120,95,95,55,75,20,3,0,0,0,0,4,0,0,13,8,1,2,0,0,14.285714285714285,0,2,0,ZU,No
Rookidee,38,47,35,33,35,57,4,0,0,3,0,4,0,0,2,1,1,0,4,0,18.181818181818183,3,1,3,ZU,No
Corvisquire,68,67,55,43,55,77,4,0,0,3,0,4,0,0,2,1,1,0,4,0,18.181818181818183,3,1,3,ZU,No
Corviknight,98,87,105,53,85,67,16,0,0,3,0,4,0,3,5,4,4,3,4,0,65.21739130434783,3,2,3,Uber,Yes
Blipbug,25,20,20,25,45,45,0,4,0,0,0,0,0,0,0,0,0,0,0,0,100.0,3,1,0,ZU,No
Dottler,50,35,80,50,90,30,-1,4,0,0,0,3,0,1,2,2,7,4,3,0,100.0,3,1,13,ZU,No
Orbeetle,60,45,110,80,120,90,-1,4,0,3,0,3,0,1,3,3,7,5,3,0,50.0,3,0,13,ZU,No
Nickit,40,28,28,47,52,50,3,0,0,0,2,4,2,0,3,3,1,0,2,0,85.71428571428571,0,1,0,ZU,No
Thievul,70,58,58,87,92,90,3,0,0,3,2,4,2,0,6,4,6,4,2,0,85.71428571428571,0,4,14,ZU,No
Gossifleur,40,40,60,40,60,10,-1,0,1,0,0,3,0,2,1,0,5,3,4,0,100.0,4,1,5,ZU,No
Eldegoss,60,50,90,80,120,60,-1,0,1,0,0,3,0,2,2,2,5,3,4,0,100.0,4,0,5,ZU,No
Wooloo,42,40,55,40,45,48,3,0,0,0,0,3,0,2,1,2,0,0,3,0,100.0,0,1,0,ZU,No
Dubwool,72,80,100,60,90,88,3,0,0,0,0,4,0,2,3,5,0,1,3,0,100.0,0,0,0,PU,Yes
Chewtle,50,64,50,38,38,44,2,0,0,0,0,0,0,5,3,2,2,1,2,0,66.66666666666666,0,1,0,ZU,No
Drednaw,90,115,90,48,68,74,1,2,0,0,0,4,0,5,17,9,6,4,2,0,66.66666666666666,0,2,2,PU,Yes
Yamper,59,45,50,40,50,26,2,0,0,3,0,3,0,2,6,5,4,2,3,0,0.0,0,1,12,ZU,No
Boltund,69,90,60,90,60,121,2,0,0,3,0,3,0,2,7,6,5,2,3,0,83.33333333333334,0,4,12,PU,Yes
Rolycoly,30,40,50,40,50,30,-1,3,0,0,0,3,0,0,7,4,0,0,4,0,77.77777777777779,0,1,0,ZU,No
Carkol,80,60,90,60,70,50,2,3,0,0,0,3,0,0,11,6,7,2,4,0,77.77777777777779,0,2,2,ZU,No
Coalossal,110,80,120,80,90,30,2,3,0,0,0,3,0,1,13,6,8,4,4,0,77.77777777777779,0,2,2,ZU,No
Applin,40,40,80,40,40,20,0,0,0,0,0,0,2,2,0,0,1,1,0,0,50.0,0,1,0,ZU,No
Flapple,70,110,80,95,60,70,0,0,0,3,0,4,2,2,6,4,5,3,0,1,40.0,2,4,0,ZU,No
Appletun,110,85,80,100,80,30,0,0,0,0,0,3,2,2,9,5,4,3,1,1,85.71428571428571,3,2,0,PU,Yes
Silicobra,52,57,75,35,50,46,3,0,0,0,0,4,0,1,2,3,2,2,4,0,100.0,0,1,0,ZU,No
Sandaconda,72,107,125,65,70,71,3,2,0,0,0,4,0,3,10,7,3,4,4,0,100.0,0,0,2,PU,Yes
Cramorant,70,85,55,85,95,85,6,0,0,0,0,3,0,3,5,5,7,5,4,0,1.0,3,4,1,ZU,No
Arrokuda,41,63,40,40,30,66,2,0,0,0,0,3,2,5,8,8,1,1,0,0,66.66666666666666,0,1,0,ZU,No
Barraskewda,61,123,60,60,50,136,2,0,0,3,0,3,2,5,8,8,3,2,0,0,66.66666666666666,0,4,0,RU,Yes
Toxel,40,38,35,54,35,40,5,0,0,0,0,2,0,0,1,0,0,1,2,0,50.0,0,1,0,ZU,No
Toxtricity,75,98,70,114,70,75,5,0,0,3,0,4,3,2,8,5,10,3,3,1,54.54545454545454,2,4,12,UU,Yes
Sizzlipede,50,65,45,50,50,45,3,0,0,0,2,4,0,0,5,5,5,3,0,0,77.77777777777779,1,1,0,ZU,No
Centiskorch,100,115,65,90,90,65,3,0,0,0,2,4,0,1,8,5,9,4,3,0,77.77777777777779,1,2,0,PU,Yes
Clobbopus,50,68,60,50,50,32,0,0,0,0,0,3,3,0,7,4,1,2,2,0,54.54545454545454,0,1,0,ZU,No
Grapploct,80,118,90,70,80,42,0,0,0,0,0,3,3,0,8,5,3,3,2,0,54.54545454545454,2,2,0,PU,Yes
Sinistea,40,45,45,74,54,50,8,0,1,0,0,5,2,0,2,2,6,3,3,0,71.42857142857143,2,1,0,ZU,No
Polteageist,60,65,65,134,114,70,8,0,1,0,0,5,2,0,2,3,6,4,3,0,71.42857142857143,4,3,0,UU,Yes
Hatenna,42,30,45,56,53,39,-1,0,2,0,0,3,0,1,2,1,6,3,3,0,100.0,2,1,0,ZU,No
Hattrem,57,40,65,86,73,49,-1,0,2,0,0,3,0,1,2,1,6,3,3,0,100.0,2,1,0,PU,Yes
Hatterene,57,90,95,136,103,29,4,0,2,0,0,4,0,2,4,3,8,5,3,0,100.0,2,3,13,OU,Yes
Impidimp,45,45,30,55,40,50,8,0,0,0,0,4,3,0,3,3,3,3,3,0,87.5,2,1,14,ZU,No
Morgrem,65,60,45,75,55,70,8,0,0,0,0,4,3,0,4,3,3,3,3,0,87.5,2,1,14,ZU,No
Grimmsnarl,95,120,65,95,75,60,8,0,0,0,0,4,3,0,14,9,4,4,3,1,87.5,2,2,14,Uber,Yes
Obstagoon,93,90,101,60,81,95,5,0,0,2,2,5,0,2,11,11,9,5,4,0,100.0,0,2,14,UU,Yes
Perrserker,70,110,100,50,60,50,11,0,0,3,0,4,1,2,10,8,6,5,2,0,100.0,0,0,14,PU,Yes
Cursola,60,95,50,145,130,30,8,2,0,0,0,3,0,1,10,6,12,7,3,0,40.0,4,3,9,PU,Yes
Sirfetch'd,62,135,95,68,82,65,0,0,0,0,2,4,2,2,7,6,1,0,4,0,100.0,0,0,0,NU,Yes
Mr. Rime,80,85,75,110,100,70,-4,0,1,0,0,4,2,2,6,6,14,8,4,0,50.0,3,3,13,PU,Yes
Runerigus,58,95,145,50,105,30,11,2,0,0,0,4,0,0,7,6,9,7,3,0,1.0,0,0,6,PU,Yes
Milcery,45,40,40,50,61,34,5,0,1,0,0,2,0,0,0,1,2,1,1,0,100.0,3,1,0,ZU,No
Alcremie,65,60,75,110,121,64,5,0,1,0,0,3,0,2,1,2,7,4,2,0,100.0,3,3,0,PU,Yes
Falinks,65,100,100,70,60,75,0,0,0,0,0,5,2,0,8,8,1,2,0,0,88.88888888888889,0,0,0,PU,Yes
Pincurchin,48,101,95,91,85,15,2,3,0,0,0,2,2,6,4,4,7,2,3,0,100.0,3,0,0,NU,Yes
Snom,30,25,35,45,30,20,-3,0,0,0,0,0,0,0,1,0,1,1,0,0,50.0,0,1,0,ZU,No
Frosmoth,70,65,60,125,90,65,-3,0,0,3,0,5,0,3,5,2,6,5,4,0,50.0,2,3,0,PU,Yes
Stonjourner,100,125,135,20,20,70,-1,2,0,0,0,3,0,0,9,4,1,2,1,0,1.0,0,2,2,PU,Yes
Eiscue,75,80,110,65,90,50,-3,0,0,0,0,3,0,4,8,6,5,2,1,0,1.0,0,0,1,PU,Yes
Indeedee,60,65,55,105,95,95,3,0,1,0,0,3,1,6,2,3,10,5,3,0,100.0,2,4,13,RU,Yes
Indeedee-F,70,55,65,95,105,85,3,0,2,0,0,3,1,6,2,2,9,5,3,0,100.0,2,4,13,UU,Yes
Morpeko,58,95,58,70,58,97,5,0,0,3,0,4,1,2,12,8,4,3,4,1,1.0,0,4,14,PU,Yes
Cufant,72,80,49,40,49,40,11,2,0,0,0,2,0,0,10,8,2,3,2,0,50.0,0,1,2,ZU,No
Copperajah,122,130,69,80,69,30,11,2,0,0,0,2,0,0,15,9,4,4,2,0,50.0,0,2,2,NU,Yes
Dracozolt,90,100,90,80,70,75,3,0,0,0,0,3,0,5,13,6,9,5,3,1,66.66666666666666,0,2,0,OU,Yes
Arctozolt,90,100,90,90,80,55,-1,0,0,0,0,3,0,5,10,6,9,4,3,1,100.0,0,2,0,RU,Yes
Dracovish,90,90,100,70,80,75,3,0,0,0,0,3,0,5,14,8,6,4,0,1,66.66666666666666,1,2,0,Uber,Yes
Arctovish,90,90,100,80,90,55,-1,0,0,0,0,3,0,5,12,7,5,3,1,1,100.0,0,2,1,PU,Yes
Duraludon,70,95,115,120,50,85,12,2,0,0,0,4,0,2,11,7,8,5,3,0,50.0,0,3,0,NU,Yes
Dreepy,28,60,30,40,30,82,9,0,0,0,0,2,2,0,1,0,1,1,3,0,71.42857142857143,0,1,0,ZU,No
Drakloak,68,80,50,60,50,102,9,0,0,3,0,4,2,2,4,5,11,5,3,0,71.42857142857143,0,4,0,ZU,No
Dragapult,88,120,75,100,75,142,9,0,0,3,0,4,2,2,5,6,12,6,3,0,71.42857142857143,0,4,0,OU,Yes
Zamazenta,92,130,115,80,115,138,0,0,0,0,0,3,1,1,8,8,7,4,1,0,100.0,0,3,0,Uber,Yes
Zamazenta-Crowned,92,130,145,80,145,128,11,0,0,0,0,3,1,1,8,8,7,4,1,1,100.0,0,3,0,Uber,Yes
Eternatus,140,85,95,145,95,130,4,1,0,0,0,4,0,1,2,3,8,6,2,1,65.21739130434783,3,3,0,Uber,Yes
Kubfu,60,90,60,53,50,72,0,0,0,3,0,3,0,0,9,8,0,0,0,0,26.31578947368421,0,1,4,ZU,No
Urshifu,100,130,100,63,60,97,4,0,0,3,0,3,2,0,17,11,4,2,2,1,100.0,2,2,4,Uber,Yes
Urshifu-Rapid-Strike,100,130,100,63,60,97,2,0,0,3,0,3,2,0,15,11,3,2,2,1,100.0,2,2,4,OU,Yes
Zarude,105,120,105,70,95,105,2,0,2,3,0,4,0,2,13,7,5,3,2,0,12.5,3,3,14,UU,Yes
Regieleki,80,100,50,100,50,200,2,0,0,3,0,3,2,2,3,3,2,2,4,0,1.0,0,4,12,Uber,Yes
Regidrago,200,100,50,100,50,80,1,0,0,0,0,4,0,0,7,4,2,2,1,0,1.0,0,2,0,RU,Yes
Glastrier,100,145,130,65,110,30,-3,0,0,0,0,4,0,1,12,7,3,2,2,0,75.0,0,0,0,NU,Yes
Spectrier,100,65,60,145,80,130,8,0,0,0,0,4,0,0,4,4,4,3,3,0,1.0,0,3,0,Uber,Yes
Calyrex,100,80,80,80,80,80,-2,0,1,0,0,3,0,2,3,3,9,4,3,0,18.181818181818183,2,2,13,PU,Yes
Calyrex-Ice,100,165,150,85,130,50,-4,0,1,0,0,4,0,2,15,9,12,5,3,1,1.0,2,0,13,Uber,Yes
Calyrex-Shadow,100,85,80,165,100,150,6,0,1,0,0,4,0,2,7,6,13,6,3,1,1.0,2,3,13,Uber,Yes
